OrderItemID,OrderID,ProductID,Quantity,DiscountPct
1,1372,152,4,0
2,1768,993,3,25
3,74,462,5,5
4,722,213,5,20
5,1265,516,3,5
6,1226,652,1,15
7,209,354,2,5
8,1855,1009,4,25
9,522,512,2,20
10,931,373,2,0
11,739,593,2,5
12,232,770,2,15
13,1391,657,3,20
14,1801,784,2,5
15,1516,4,5,5
16,415,594,3,10
17,907,38,3,20
18,1722,1063,4,20
19,1228,1189,3,0
20,555,952,1,5
21,22,767,5,25
22,774,1040,3,0
23,1254,642,2,25
24,918,1018,3,20
25,1438,373,4,15
26,1300,429,2,20
27,1518,649,4,5
28,549,379,4,15
29,972,654,2,5
30,1868,735,5,5
31,36,857,1,15
32,716,1112,1,5
33,1658,275,1,25
34,756,1173,2,5
35,1214,586,1,0
36,661,841,2,0
37,311,651,3,25
38,1436,1192,4,5
39,893,501,4,25
40,1475,316,4,5
41,1694,608,2,0
42,884,773,1,10
43,1359,531,5,20
44,56,1129,3,0
45,399,420,1,5
46,1341,1103,1,0
47,559,1176,5,5
48,1443,322,1,25
49,172,363,2,0
50,1946,355,1,10
51,1535,607,5,25
52,1868,231,3,20
53,315,892,5,15
54,1098,1023,4,10
55,1831,18,1,20
56,225,1088,3,10
57,1140,1101,1,15
58,634,626,2,25
59,2,88,4,5
60,1168,1030,4,15
61,1308,1075,4,5
62,1704,643,5,10
63,1590,795,4,10
64,1937,818,3,25
65,244,892,2,5
66,607,370,1,20
67,289,894,2,5
68,154,396,2,0
69,626,131,1,10
70,335,519,5,5
71,1630,231,3,25
72,995,1047,5,25
73,1774,230,1,15
74,1767,915,2,15
75,1205,569,5,25
76,1079,198,2,20
77,1431,408,1,25
78,1126,41,1,5
79,1793,885,4,15
80,43,345,1,0
81,12,713,2,25
82,331,1105,3,5
83,1115,812,2,0
84,8,659,1,10
85,1659,368,3,5
86,1816,1085,2,20
87,1454,4,3,20
88,1412,332,4,20
89,351,1157,5,0
90,123,924,4,20
91,1429,886,2,15
92,1549,894,2,5
93,364,1139,2,20
94,1249,790,2,5
95,1669,991,4,25
96,171,1036,3,25
97,234,1111,4,5
98,815,932,1,5
99,889,1131,3,0
100,2,153,2,5
101,1360,1036,2,5
102,1844,463,5,5
103,204,1108,5,25
104,1989,459,3,5
105,945,130,5,15
106,667,41,4,15
107,1010,790,1,25
108,89,866,3,20
109,343,13,5,20
110,206,546,2,0
111,1273,261,4,20
112,911,840,1,15
113,1881,1031,1,10
114,1987,859,5,20
115,1318,506,5,25
116,613,717,4,5
117,1505,35,2,25
118,801,772,3,25
119,1953,818,5,15
120,1565,350,5,10
121,1178,193,2,10
122,918,419,3,20
123,1039,1159,2,10
124,668,458,5,10
125,1375,892,1,15
126,1512,611,2,20
127,1765,47,4,10
128,1285,974,2,20
129,844,867,5,10
130,129,897,5,20
131,812,993,1,20
132,8,1134,5,15
133,629,1020,3,20
134,721,1170,3,15
135,565,155,5,5
136,1644,1033,3,0
137,842,947,2,10
138,1719,939,5,25
139,704,423,4,25
140,1191,1099,5,0
141,780,600,5,20
142,58,544,3,10
143,21,342,5,15
144,1794,21,3,5
145,243,65,2,15
146,286,940,1,15
147,820,594,5,20
148,1847,126,1,20
149,367,555,5,10
150,735,1066,1,5
151,2,1140,5,20
152,1138,390,1,10
153,989,625,5,20
154,486,971,3,25
155,218,1134,3,15
156,1773,485,1,5
157,1896,916,3,0
158,97,2,2,0
159,1392,707,4,25
160,826,209,5,20
161,729,417,1,10
162,794,600,1,20
163,535,1158,2,15
164,1109,603,4,15
165,1167,107,5,15
166,1872,40,1,20
167,967,332,4,25
168,1646,72,1,0
169,1293,418,4,10
170,1820,252,1,5
171,556,606,3,10
172,270,89,4,15
173,562,703,4,20
174,1849,821,3,5
175,617,80,4,5
176,1613,259,1,10
177,1865,705,5,20
178,894,979,2,10
179,1910,872,2,5
180,1923,371,1,20
181,17,680,2,5
182,1909,604,4,0
183,530,1022,3,15
184,1845,797,3,20
185,591,667,3,20
186,457,896,3,5
187,198,475,5,5
188,641,13,4,0
189,1986,281,3,10
190,1493,713,2,0
191,341,116,1,25
192,511,808,2,25
193,379,188,1,25
194,1596,968,2,25
195,294,949,4,5
196,872,555,5,25
197,1118,505,5,10
198,1139,658,3,20
199,666,351,2,20
200,1370,626,2,25
201,1724,710,2,25
202,1760,641,1,15
203,237,1029,3,15
204,755,173,4,0
205,113,689,1,20
206,1745,97,3,10
207,1228,190,3,15
208,931,630,3,15
209,472,750,2,10
210,1582,290,3,15
211,1790,1084,3,0
212,1707,945,1,10
213,1190,615,5,15
214,409,533,3,20
215,417,76,3,5
216,1001,1046,5,0
217,456,400,1,20
218,446,863,1,0
219,1410,412,2,25
220,1068,374,4,0
221,1051,972,5,20
222,1822,359,5,0
223,723,357,4,20
224,974,403,1,10
225,1695,1137,4,5
226,648,129,3,5
227,251,912,3,15
228,670,436,3,25
229,464,989,5,0
230,208,1049,5,0
231,730,871,4,5
232,600,572,4,15
233,180,982,4,25
234,776,333,5,15
235,1206,134,3,5
236,430,812,2,20
237,1239,1179,3,15
238,1289,881,3,10
239,108,1178,5,0
240,1413,76,1,0
241,1091,1135,3,15
242,467,1183,1,20
243,1856,480,3,5
244,195,175,5,20
245,839,1070,3,10
246,349,604,4,10
247,1508,1054,5,10
248,1269,938,5,10
249,898,350,5,10
250,1688,1005,3,25
251,1455,1170,3,20
252,259,1062,1,20
253,106,367,2,0
254,904,1196,4,25
255,1104,152,2,10
256,1084,1107,2,25
257,1247,926,1,15
258,30,673,5,20
259,613,538,3,0
260,1618,545,2,15
261,1017,328,5,15
262,1072,215,1,5
263,1488,446,1,5
264,1082,1030,3,15
265,1739,1099,1,0
266,1184,504,5,15
267,1709,1104,1,10
268,1936,690,5,0
269,1818,47,5,25
270,1878,1174,2,0
271,912,959,5,0
272,759,647,2,20
273,1765,871,4,20
274,426,453,3,0
275,1287,642,5,20
276,1538,43,4,25
277,25,653,2,5
278,1379,809,1,25
279,1525,249,1,20
280,494,1198,1,0
281,510,1091,2,20
282,972,630,2,25
283,1774,646,3,0
284,499,874,1,20
285,121,1088,3,20
286,1634,207,5,25
287,252,88,3,10
288,125,278,3,5
289,1464,945,2,15
290,143,703,5,15
291,422,777,4,5
292,1874,901,1,5
293,1414,715,5,25
294,1228,822,5,5
295,429,724,2,20
296,124,15,3,20
297,659,882,1,10
298,1297,598,4,25
299,505,177,3,15
300,1681,770,2,20
301,999,1164,2,10
302,711,237,1,15
303,595,505,4,25
304,1257,88,2,20
305,1866,492,4,15
306,373,936,1,5
307,1116,864,4,15
308,10,703,2,10
309,363,1068,1,15
310,1654,523,3,0
311,1674,845,1,0
312,1830,215,5,25
313,946,663,2,10
314,1097,614,4,10
315,88,765,1,0
316,387,1148,5,0
317,278,1005,2,0
318,541,293,4,15
319,428,865,2,20
320,1787,210,3,25
321,531,555,4,0
322,1084,1186,2,20
323,650,433,1,20
324,844,1178,1,15
325,1015,824,3,25
326,1549,8,5,5
327,355,1036,5,10
328,1923,1043,4,10
329,1785,656,3,0
330,1753,486,3,20
331,1534,930,2,15
332,253,929,3,5
333,44,871,5,20
334,246,217,4,10
335,1589,72,2,10
336,1940,427,5,20
337,1557,1071,1,20
338,1011,421,5,15
339,908,736,5,5
340,1500,480,2,15
341,582,973,4,0
342,1699,515,1,5
343,1470,18,5,0
344,1276,231,3,5
345,1050,859,1,5
346,1117,262,4,5
347,715,542,2,0
348,1893,537,1,25
349,1736,349,2,0
350,1252,72,3,15
351,946,275,1,10
352,1553,573,1,0
353,116,1014,5,25
354,558,205,5,5
355,327,555,3,5
356,1721,1129,1,0
357,1273,989,5,10
358,203,296,2,10
359,1115,954,1,20
360,1496,1143,4,5
361,1525,799,3,20
362,834,420,2,5
363,765,161,4,10
364,1625,296,2,10
365,29,543,2,5
366,859,205,1,20
367,1697,106,1,5
368,626,784,5,15
369,204,782,2,0
370,973,25,2,20
371,818,919,2,0
372,1914,311,1,0
373,1218,687,2,15
374,1830,849,2,0
375,1170,739,2,15
376,1963,1114,5,0
377,21,695,4,15
378,1239,642,1,0
379,197,1014,2,5
380,684,1154,1,0
381,1636,945,2,20
382,946,184,2,0
383,1341,925,2,5
384,192,224,2,20
385,1666,780,5,0
386,1523,1044,4,0
387,1342,799,4,5
388,381,246,1,10
389,648,573,4,0
390,1016,228,5,5
391,1121,141,4,0
392,932,526,3,5
393,834,111,2,5
394,1556,618,3,5
395,377,739,2,0
396,1327,814,1,5
397,702,371,2,20
398,553,169,2,25
399,1872,35,5,10
400,625,914,4,5
401,770,47,2,25
402,375,862,3,10
403,194,461,2,15
404,838,162,4,20
405,1676,615,5,0
406,1988,275,3,10
407,1695,736,5,20
408,719,230,4,0
409,270,217,1,20
410,1367,227,3,20
411,1191,187,2,15
412,1107,829,3,25
413,1243,1098,4,10
414,981,1139,4,20
415,1382,863,2,5
416,950,777,1,0
417,1025,1077,3,10
418,935,531,1,20
419,1535,473,4,25
420,1142,182,5,0
421,1172,67,4,10
422,1270,1162,2,0
423,896,616,1,0
424,827,1170,5,5
425,805,262,2,10
426,472,571,5,10
427,1045,896,3,15
428,1935,81,5,5
429,241,459,5,20
430,841,653,3,15
431,384,304,1,5
432,136,341,2,25
433,1489,1007,2,0
434,736,674,1,5
435,1560,447,1,0
436,43,38,5,20
437,772,510,3,25
438,1463,826,4,5
439,1216,228,5,0
440,7,1058,5,20
441,1574,1164,1,0
442,517,244,4,0
443,48,1188,1,15
444,1163,312,2,5
445,1404,1013,2,15
446,1520,1192,5,20
447,1489,942,5,0
448,796,19,5,25
449,690,615,5,0
450,1931,1122,4,15
451,529,796,2,0
452,104,48,5,20
453,1055,568,2,5
454,890,244,1,25
455,1711,501,4,0
456,1904,197,5,0
457,652,190,5,20
458,1323,757,3,10
459,1027,290,5,10
460,308,38,2,25
461,533,25,1,10
462,417,664,2,10
463,846,842,1,15
464,659,769,5,20
465,1224,513,3,20
466,1824,560,4,15
467,905,304,1,0
468,120,1128,2,10
469,1805,33,2,25
470,1577,1105,1,25
471,1039,312,2,25
472,456,1052,4,20
473,1890,592,1,5
474,1969,801,2,0
475,1088,710,5,0
476,1018,537,3,5
477,958,466,3,25
478,1989,395,4,10
479,328,456,3,15
480,36,18,3,0
481,327,194,5,5
482,1130,680,1,20
483,238,858,1,25
484,362,671,3,20
485,37,588,4,0
486,1810,65,1,15
487,1233,355,2,0
488,542,874,4,0
489,111,175,2,20
490,497,1070,2,15
491,178,61,1,25
492,1801,360,2,5
493,1163,875,1,10
494,184,257,1,25
495,1853,542,5,25
496,767,24,4,25
497,880,892,3,5
498,1958,530,3,15
499,1486,95,3,25
500,364,296,4,15
501,449,615,4,0
502,220,181,3,5
503,15,750,4,25
504,1523,420,3,15
505,1732,305,3,5
506,717,1144,4,0
507,1006,840,5,5
508,335,651,1,25
509,1392,259,4,25
510,1952,376,4,15
511,8,1044,4,15
512,1441,794,3,25
513,1604,820,2,5
514,566,157,5,15
515,1811,838,5,15
516,1046,553,5,10
517,970,957,1,25
518,327,1185,1,25
519,426,741,1,0
520,846,223,5,10
521,1026,1159,4,10
522,1994,299,2,5
523,642,557,2,10
524,110,630,4,25
525,1544,775,5,5
526,1941,227,2,0
527,689,887,3,20
528,1512,730,2,10
529,526,1178,2,0
530,1987,819,3,10
531,1317,181,1,0
532,1374,1010,2,20
533,1128,165,5,5
534,950,511,1,25
535,879,479,3,5
536,691,589,5,20
537,1652,367,1,20
538,1059,568,5,15
539,1100,48,4,15
540,532,38,3,0
541,1673,207,1,5
542,187,330,3,10
543,402,572,1,25
544,382,507,1,0
545,1451,823,1,10
546,1252,1082,4,0
547,1688,491,4,5
548,206,1035,4,0
549,120,415,2,0
550,1432,413,1,20
551,915,1128,5,20
552,1238,102,1,0
553,1654,566,1,0
554,430,610,4,0
555,493,220,4,25
556,203,956,5,15
557,94,215,4,5
558,1558,727,5,0
559,1479,1040,3,0
560,1192,584,4,20
561,674,747,1,25
562,247,158,2,15
563,698,458,3,20
564,340,245,1,15
565,1890,341,5,20
566,1385,909,5,25
567,8,966,2,15
568,1227,116,2,15
569,230,851,1,15
570,57,1132,5,0
571,1596,963,2,5
572,1831,416,5,20
573,1298,787,3,15
574,1005,248,5,5
575,994,694,2,0
576,917,859,5,0
577,1843,15,2,10
578,1121,31,5,10
579,1607,721,4,20
580,65,31,2,25
581,527,601,2,5
582,437,810,2,5
583,1988,249,4,20
584,78,788,5,25
585,1564,784,5,10
586,1735,934,3,15
587,1365,967,1,15
588,1641,907,3,0
589,895,243,2,20
590,1741,747,2,0
591,660,113,1,15
592,1833,611,2,15
593,149,10,4,0
594,446,405,3,0
595,1928,1071,3,5
596,578,434,1,20
597,1103,455,5,5
598,591,1110,3,20
599,136,452,1,0
600,618,220,4,20
601,1658,153,1,10
602,1758,469,1,5
603,207,755,1,15
604,976,747,5,15
605,1431,596,4,25
606,1627,502,2,25
607,1778,676,2,10
608,1127,186,1,0
609,668,35,1,10
610,1868,1022,4,10
611,1575,319,4,20
612,1680,1199,4,0
613,656,968,2,20
614,691,658,1,5
615,1119,157,4,15
616,675,202,2,5
617,1213,763,5,15
618,1038,202,3,10
619,532,317,4,25
620,94,946,2,5
621,1504,786,1,5
622,606,600,4,25
623,1726,758,3,15
624,1584,948,4,5
625,76,734,1,15
626,209,56,4,5
627,126,1025,4,0
628,741,787,3,25
629,985,1089,2,15
630,1362,126,2,0
631,997,652,3,5
632,1086,33,2,15
633,608,150,3,20
634,1734,665,4,25
635,371,786,1,5
636,1153,354,3,10
637,1579,808,5,15
638,303,924,2,20
639,1058,615,1,15
640,854,878,3,5
641,22,913,4,25
642,424,295,4,0
643,1761,423,3,5
644,1489,1124,4,15
645,856,284,3,20
646,257,447,5,15
647,1479,1033,4,20
648,107,833,1,10
649,1059,1072,4,20
650,1392,479,2,0
651,1422,686,3,5
652,532,13,3,0
653,1408,1075,5,5
654,972,410,5,15
655,1521,172,3,20
656,1749,921,4,10
657,1591,19,3,5
658,1397,659,4,15
659,119,971,5,20
660,1806,949,4,25
661,695,706,3,5
662,894,158,5,25
663,1767,57,2,20
664,532,302,2,15
665,431,825,2,15
666,1493,423,2,0
667,1447,361,2,25
668,302,988,1,0
669,1560,154,4,10
670,1334,1004,4,20
671,248,1008,1,15
672,337,118,3,5
673,1264,1113,3,0
674,592,550,5,15
675,1182,1134,2,0
676,768,360,1,15
677,1957,1185,1,5
678,1198,367,2,0
679,1841,370,4,20
680,1628,1126,1,0
681,1824,546,2,25
682,815,551,4,0
683,125,865,5,0
684,1779,147,4,15
685,1810,40,2,0
686,820,398,4,0
687,1819,702,1,0
688,597,1195,2,5
689,379,847,4,5
690,520,573,4,20
691,459,232,4,5
692,1154,571,4,15
693,495,1138,1,20
694,456,1153,1,25
695,815,666,3,0
696,321,717,5,25
697,1255,1127,3,0
698,1432,449,5,5
699,261,947,2,15
700,370,1108,1,5
701,1833,1173,1,15
702,456,713,1,10
703,1997,1154,4,0
704,257,882,4,15
705,810,679,2,15
706,1768,341,5,25
707,623,729,2,20
708,1002,543,5,25
709,1284,766,1,15
710,1481,2,5,20
711,891,618,1,15
712,1533,1015,3,15
713,1734,45,2,0
714,1118,21,1,20
715,1966,352,5,0
716,340,382,1,10
717,1591,613,2,20
718,67,573,3,20
719,1173,71,5,5
720,356,322,3,5
721,507,423,2,0
722,1961,344,2,10
723,138,84,2,10
724,1856,679,3,0
725,233,464,3,10
726,673,69,2,15
727,1190,1033,5,20
728,584,427,5,5
729,1547,503,2,5
730,604,505,4,5
731,1213,874,2,0
732,1663,1101,1,10
733,1156,1103,2,0
734,259,552,3,0
735,332,1188,1,15
736,1598,683,5,15
737,642,275,1,0
738,293,498,4,15
739,406,155,4,15
740,633,762,3,5
741,135,31,4,5
742,1220,550,1,20
743,417,918,3,20
744,1632,201,5,5
745,371,811,4,0
746,1440,470,1,15
747,763,476,4,5
748,1934,868,3,15
749,653,310,5,25
750,1880,817,3,15
751,211,291,1,20
752,872,247,4,5
753,55,10,5,20
754,325,1092,3,10
755,1792,282,3,0
756,392,341,1,0
757,725,472,3,10
758,21,651,1,10
759,430,286,1,20
760,1311,216,3,5
761,1365,102,5,15
762,994,945,2,10
763,955,260,3,25
764,1519,515,2,5
765,1989,192,5,20
766,484,521,3,25
767,1909,1106,1,20
768,370,16,3,20
769,990,1009,1,15
770,1010,783,5,5
771,1970,428,2,5
772,1207,1144,4,10
773,196,734,5,0
774,340,697,4,25
775,1112,594,4,10
776,118,1065,3,25
777,1032,736,5,20
778,394,1109,2,10
779,1433,896,4,5
780,829,353,1,25
781,1041,546,4,15
782,257,1198,2,10
783,625,444,3,25
784,765,165,5,15
785,346,1138,2,5
786,376,718,1,0
787,1093,376,3,25
788,1630,831,2,10
789,916,353,5,15
790,387,516,2,25
791,27,186,2,5
792,504,561,1,10
793,1167,1175,2,20
794,24,28,5,25
795,1342,856,4,5
796,1703,909,1,5
797,840,817,1,10
798,1882,702,1,20
799,740,882,2,5
800,137,978,3,25
801,81,39,2,20
802,154,103,1,20
803,450,504,3,5
804,1104,364,2,5
805,611,950,1,0
806,1945,456,4,0
807,1424,96,4,0
808,1909,1084,2,15
809,996,77,3,15
810,576,820,1,25
811,1533,857,1,15
812,1999,893,2,15
813,577,448,5,25
814,1924,725,1,0
815,1173,667,2,15
816,356,410,3,15
817,185,911,4,25
818,301,457,1,5
819,1777,406,4,0
820,26,531,3,25
821,191,892,3,5
822,1923,410,1,15
823,715,566,3,0
824,1875,403,4,5
825,951,963,4,20
826,742,977,4,0
827,865,427,3,20
828,599,369,5,0
829,1677,569,4,0
830,970,672,3,0
831,1048,1128,4,0
832,178,1013,5,20
833,1157,387,2,10
834,1429,375,1,5
835,588,1148,2,15
836,631,547,3,0
837,1575,1017,2,5
838,551,708,4,10
839,1631,403,5,15
840,1173,524,4,20
841,1559,23,2,10
842,1791,601,5,10
843,1527,462,4,5
844,857,1146,5,0
845,576,958,2,5
846,1057,889,3,0
847,1338,25,1,20
848,695,466,5,10
849,1282,641,4,25
850,1933,549,2,0
851,801,571,2,10
852,1598,33,1,20
853,1600,452,4,20
854,160,537,4,0
855,625,1001,4,25
856,193,602,2,15
857,1035,1071,3,10
858,435,937,1,15
859,1491,769,1,20
860,1542,925,3,15
861,526,849,4,5
862,1392,795,2,15
863,1134,138,3,25
864,609,179,5,10
865,1673,1060,5,20
866,69,123,2,15
867,974,342,5,0
868,23,1059,3,10
869,84,931,5,15
870,42,595,2,10
871,844,878,1,10
872,1843,75,2,25
873,508,910,3,15
874,1213,1043,2,5
875,56,812,4,25
876,902,433,1,15
877,965,247,5,5
878,375,376,4,15
879,1819,974,5,25
880,576,167,5,0
881,1580,1049,4,20
882,1326,1039,4,10
883,447,1029,3,25
884,1225,96,4,15
885,1539,421,5,15
886,419,624,2,25
887,1055,1032,4,15
888,50,645,3,0
889,1729,620,5,5
890,285,242,4,0
891,538,1149,4,25
892,1567,160,5,15
893,1399,907,1,15
894,801,422,2,0
895,1562,143,4,5
896,1184,31,4,5
897,1933,1189,5,5
898,1571,1043,5,0
899,1379,1161,5,5
900,1005,246,5,5
901,858,662,2,5
902,950,186,4,25
903,1873,13,5,15
904,1685,631,5,10
905,352,830,5,10
906,324,62,2,25
907,1425,1097,2,0
908,1382,487,3,10
909,1408,40,1,10
910,735,1159,5,15
911,921,55,4,20
912,368,131,5,10
913,1679,1104,4,5
914,5,754,3,20
915,1087,333,3,5
916,1150,1050,3,25
917,1611,503,1,25
918,301,155,4,25
919,1104,229,4,15
920,1029,12,4,25
921,772,556,2,25
922,234,704,5,20
923,1769,107,1,15
924,1333,518,5,25
925,1348,291,5,0
926,673,4,2,15
927,1587,95,1,15
928,112,320,4,25
929,612,88,4,0
930,417,64,5,25
931,1105,65,5,25
932,1840,135,4,5
933,824,308,5,5
934,1231,850,5,5
935,1334,607,3,20
936,669,62,1,15
937,302,1058,5,25
938,1187,695,5,5
939,1314,957,3,0
940,155,859,5,0
941,867,231,5,15
942,1759,226,2,15
943,832,803,2,0
944,1142,68,5,5
945,1722,35,2,20
946,246,935,1,25
947,1552,359,4,5
948,1378,542,3,10
949,448,668,5,15
950,1291,377,3,10
951,1069,993,1,0
952,366,23,3,25
953,1906,293,3,5
954,1347,766,2,15
955,1222,39,5,0
956,1923,320,2,15
957,746,510,1,5
958,1130,546,5,15
959,830,121,2,20
960,772,920,1,5
961,1881,602,2,15
962,652,273,3,0
963,721,727,2,25
964,1565,871,3,20
965,1544,163,5,15
966,1618,753,3,25
967,34,498,4,25
968,558,1045,5,5
969,244,722,5,15
970,1021,510,5,10
971,567,820,4,5
972,405,261,2,15
973,79,781,4,15
974,1238,1084,4,10
975,1199,151,2,10
976,1191,636,5,15
977,1983,357,2,25
978,104,526,2,20
979,1075,793,2,5
980,1969,842,5,20
981,264,23,4,15
982,816,149,4,20
983,1195,836,2,5
984,1828,707,4,20
985,1209,317,5,25
986,1236,1123,2,5
987,657,1133,4,15
988,1139,1055,4,25
989,1015,924,5,5
990,763,889,1,10
991,249,506,3,20
992,354,101,5,10
993,1834,506,1,10
994,410,1082,2,20
995,174,317,2,15
996,21,61,1,0
997,594,610,1,25
998,1349,956,4,5
999,1721,138,3,25
1000,1336,465,1,10
1001,1498,1156,1,5
1002,616,243,1,5
1003,1058,1178,4,10
1004,312,1114,4,5
1005,68,1107,4,25
1006,671,786,3,5
1007,1521,278,3,0
1008,675,310,1,20
1009,375,479,3,5
1010,64,1168,4,15
1011,877,210,5,10
1012,1145,821,2,20
1013,1926,1117,1,25
1014,1756,758,4,20
1015,270,9,1,15
1016,1350,747,2,25
1017,1916,6,4,20
1018,837,838,1,20
1019,882,1172,3,15
1020,314,595,1,10
1021,508,630,4,10
1022,247,335,3,5
1023,1976,149,2,15
1024,1353,647,4,0
1025,27,107,4,15
1026,1016,403,2,0
1027,1017,717,1,5
1028,859,177,5,25
1029,368,93,2,25
1030,684,1196,5,25
1031,146,407,5,15
1032,397,431,4,0
1033,389,611,2,10
1034,1745,636,3,15
1035,587,1127,5,0
1036,1597,555,4,15
1037,53,910,5,15
1038,1774,264,2,10
1039,135,11,4,15
1040,659,157,5,0
1041,1611,966,1,25
1042,1142,732,1,15
1043,1424,490,2,20
1044,1215,711,1,10
1045,721,786,2,10
1046,76,151,5,10
1047,1043,3,3,10
1048,1116,162,1,10
1049,1834,926,3,10
1050,1472,804,3,5
1051,1234,240,4,0
1052,1325,1008,4,0
1053,104,584,1,20
1054,504,26,3,10
1055,1829,639,1,20
1056,566,38,2,20
1057,1891,1119,2,5
1058,167,1106,1,25
1059,429,784,4,5
1060,1572,82,2,20
1061,762,1115,5,15
1062,1402,571,1,25
1063,911,1094,5,0
1064,311,803,3,5
1065,1246,693,1,15
1066,579,896,5,5
1067,1776,418,2,10
1068,1477,856,2,5
1069,114,389,5,15
1070,615,540,1,20
1071,1860,1039,1,15
1072,999,88,5,25
1073,1977,1144,4,0
1074,1222,345,1,25
1075,1466,241,5,25
1076,1260,190,5,25
1077,1685,578,2,0
1078,189,409,2,15
1079,776,206,1,10
1080,1101,565,5,10
1081,1149,97,3,5
1082,1640,818,2,5
1083,1348,245,1,20
1084,1344,826,1,10
1085,932,326,2,0
1086,643,463,5,15
1087,1389,15,4,15
1088,1950,559,3,25
1089,571,607,4,25
1090,1430,117,5,25
1091,1827,282,2,0
1092,909,131,3,15
1093,1528,151,5,20
1094,695,500,5,10
1095,863,996,4,15
1096,271,835,2,5
1097,670,1181,4,0
1098,745,476,1,5
1099,1535,788,1,25
1100,1095,617,1,5
1101,766,996,5,15
1102,13,443,4,20
1103,822,100,3,0
1104,806,485,1,15
1105,811,489,4,0
1106,760,91,2,25
1107,1088,180,4,10
1108,1716,17,5,20
1109,1204,248,1,5
1110,1202,90,5,0
1111,338,121,2,25
1112,60,294,3,5
1113,48,538,3,5
1114,1411,410,4,10
1115,1165,958,5,10
1116,474,230,5,25
1117,1689,383,4,0
1118,102,1093,4,0
1119,273,950,3,15
1120,1914,605,3,10
1121,1662,560,5,5
1122,90,654,3,25
1123,1141,577,3,10
1124,462,1053,1,0
1125,1142,34,5,0
1126,1472,1123,5,15
1127,713,718,5,5
1128,581,580,3,15
1129,832,322,2,20
1130,1627,760,2,0
1131,1011,1014,1,10
1132,1433,835,4,0
1133,481,837,1,15
1134,1722,286,3,20
1135,867,63,4,0
1136,607,920,2,15
1137,1847,832,1,5
1138,403,724,1,10
1139,1033,748,1,0
1140,767,408,1,0
1141,904,472,1,15
1142,1018,193,3,15
1143,111,711,5,15
1144,1172,127,3,5
1145,368,524,3,0
1146,429,503,5,10
1147,630,906,5,10
1148,116,769,3,25
1149,1527,749,2,0
1150,1393,656,4,20
1151,112,654,4,0
1152,1173,164,5,25
1153,1179,1089,4,15
1154,1976,616,4,20
1155,440,880,3,15
1156,1813,253,5,5
1157,399,661,5,15
1158,541,1146,4,15
1159,1121,15,3,25
1160,960,101,2,5
1161,1528,980,4,25
1162,182,1111,3,5
1163,1753,13,1,20
1164,381,336,1,20
1165,738,886,4,5
1166,445,389,2,25
1167,1447,982,2,25
1168,273,431,5,15
1169,593,531,1,5
1170,1779,1149,2,10
1171,492,336,4,15
1172,771,383,3,5
1173,900,970,2,20
1174,1911,327,2,25
1175,1096,693,2,0
1176,280,489,2,0
1177,1179,193,3,25
1178,1,134,4,20
1179,387,467,2,20
1180,572,601,2,5
1181,1970,609,4,25
1182,145,1076,2,20
1183,19,990,3,10
1184,1766,173,3,10
1185,1414,701,2,15
1186,118,907,3,15
1187,1165,143,2,20
1188,1965,453,1,0
1189,8,806,3,5
1190,438,317,2,15
1191,1281,309,2,15
1192,921,958,4,5
1193,418,155,4,25
1194,1037,70,4,15
1195,1902,612,4,0
1196,1896,908,1,5
1197,1144,741,1,5
1198,776,71,3,20
1199,642,348,5,20
1200,1631,624,2,25
1201,590,174,1,25
1202,969,610,1,5
1203,1839,1016,3,0
1204,1384,890,4,10
1205,1037,343,4,15
1206,861,283,3,20
1207,1897,5,4,5
1208,29,82,2,25
1209,830,391,5,25
1210,731,827,3,15
1211,1493,146,3,20
1212,918,548,3,20
1213,995,428,1,20
1214,1896,446,5,25
1215,1578,1169,4,25
1216,1177,1110,3,20
1217,1618,159,3,20
1218,1872,1037,4,0
1219,1207,646,3,0
1220,1776,578,5,25
1221,1640,426,2,15
1222,1588,894,3,5
1223,262,270,2,20
1224,527,781,1,5
1225,207,322,5,20
1226,1442,1093,1,25
1227,1776,214,3,20
1228,591,1152,3,5
1229,516,34,1,25
1230,150,374,4,15
1231,1519,335,2,5
1232,1673,1088,3,15
1233,615,354,2,10
1234,815,945,5,25
1235,1007,132,5,20
1236,1078,290,2,5
1237,923,1077,5,25
1238,990,119,3,25
1239,1120,595,1,15
1240,1070,102,4,25
1241,158,410,3,20
1242,1316,758,4,10
1243,958,1178,5,20
1244,1992,556,4,0
1245,1543,665,5,15
1246,1407,909,5,10
1247,1162,793,2,25
1248,1110,495,1,20
1249,1758,911,2,5
1250,809,245,1,20
1251,122,1176,2,15
1252,172,787,4,5
1253,16,203,4,10
1254,730,653,4,25
1255,1038,833,3,10
1256,1023,1071,4,10
1257,672,735,4,10
1258,205,353,3,15
1259,883,563,1,0
1260,108,792,5,15
1261,692,1068,4,20
1262,1753,272,3,25
1263,118,732,1,15
1264,784,723,3,10
1265,219,316,2,10
1266,1765,620,3,0
1267,1577,1050,5,20
1268,968,607,1,5
1269,1642,414,2,20
1270,833,1095,4,0
1271,1050,478,3,15
1272,1777,86,1,15
1273,41,503,4,5
1274,94,611,3,5
1275,1877,435,5,25
1276,843,125,2,0
1277,1633,682,1,20
1278,1253,1096,2,0
1279,1247,570,1,5
1280,552,1185,1,20
1281,1578,888,1,20
1282,975,993,5,15
1283,277,559,3,5
1284,1138,551,1,5
1285,743,798,5,10
1286,1079,27,3,10
1287,1873,87,4,5
1288,725,774,4,10
1289,1044,30,5,10
1290,1021,457,5,10
1291,1387,39,3,20
1292,1697,1124,1,5
1293,1348,886,1,5
1294,1469,514,3,5
1295,1333,91,2,0
1296,725,1087,5,5
1297,681,1067,3,20
1298,1724,36,4,5
1299,1730,640,2,0
1300,466,198,5,25
1301,902,942,4,10
1302,1091,895,4,10
1303,1249,749,1,25
1304,633,137,5,15
1305,1512,548,5,25
1306,326,413,1,20
1307,1070,265,5,10
1308,1612,1065,4,25
1309,1054,567,1,20
1310,861,326,2,25
1311,1570,451,2,15
1312,64,739,5,15
1313,1468,574,2,15
1314,861,985,3,20
1315,430,203,4,5
1316,1434,6,4,15
1317,373,438,1,10
1318,189,1085,1,15
1319,1108,1026,2,10
1320,1596,301,4,10
1321,1683,697,5,10
1322,849,1124,5,0
1323,1912,861,2,5
1324,274,943,2,5
1325,1339,971,1,15
1326,1280,1030,5,0
1327,311,351,2,15
1328,1392,1174,1,0
1329,1451,878,3,10
1330,1788,1111,4,0
1331,1375,1131,3,15
1332,915,1190,3,25
1333,532,145,4,15
1334,1017,643,3,5
1335,1216,1075,1,20
1336,1108,82,4,25
1337,431,948,5,0
1338,723,1195,1,10
1339,1012,119,5,20
1340,620,757,5,20
1341,1561,800,2,15
1342,1694,1127,2,20
1343,540,1128,5,15
1344,842,421,5,0
1345,1764,319,1,25
1346,981,817,1,5
1347,488,818,1,5
1348,235,58,3,25
1349,181,1121,5,0
1350,317,1162,5,20
1351,1319,793,1,20
1352,1571,275,1,25
1353,1695,1001,1,15
1354,795,76,1,0
1355,932,271,2,15
1356,1597,301,5,20
1357,295,794,5,20
1358,1830,474,2,10
1359,1855,1048,4,25
1360,623,931,1,5
1361,1462,648,1,15
1362,1006,672,4,20
1363,1258,848,5,25
1364,1772,462,2,10
1365,726,914,1,15
1366,906,484,1,5
1367,1721,447,1,10
1368,675,697,1,25
1369,1729,652,4,25
1370,1854,68,3,5
1371,1319,192,5,15
1372,1266,456,5,10
1373,1456,574,3,0
1374,638,753,5,20
1375,429,215,1,10
1376,131,632,4,0
1377,1335,210,2,5
1378,1328,661,1,5
1379,821,1098,4,0
1380,665,806,5,20
1381,153,77,5,25
1382,897,923,5,15
1383,1102,110,2,5
1384,1309,620,3,10
1385,874,1050,3,10
1386,844,969,5,10
1387,51,475,4,25
1388,1754,876,3,0
1389,136,885,2,5
1390,1256,654,4,5
1391,1554,1022,5,25
1392,427,244,3,20
1393,1936,1021,3,15
1394,1447,329,5,25
1395,1371,302,4,5
1396,214,1043,4,20
1397,1586,427,1,5
1398,1157,182,3,20
1399,755,624,2,5
1400,465,359,3,0
1401,770,764,1,20
1402,711,521,5,5
1403,1195,887,4,0
1404,1939,956,2,10
1405,598,788,4,25
1406,522,797,2,25
1407,251,708,5,10
1408,1116,581,1,25
1409,998,549,5,0
1410,870,131,4,0
1411,690,27,2,5
1412,158,1052,1,15
1413,1157,1131,1,25
1414,1709,588,1,5
1415,1614,615,3,25
1416,983,792,1,25
1417,1210,523,5,5
1418,1422,998,4,10
1419,53,264,5,25
1420,1761,257,5,15
1421,592,495,2,0
1422,1663,311,4,25
1423,713,61,5,25
1424,1323,1199,4,25
1425,1678,384,1,20
1426,1825,387,4,15
1427,927,942,1,20
1428,1529,774,4,15
1429,892,160,1,5
1430,642,808,2,10
1431,357,66,2,5
1432,274,451,3,20
1433,1206,1115,1,0
1434,1843,428,4,15
1435,1135,453,4,15
1436,734,34,1,15
1437,1770,927,5,0
1438,671,307,3,10
1439,1668,827,1,10
1440,602,56,5,5
1441,433,503,3,0
1442,938,623,4,10
1443,890,630,2,15
1444,1667,108,1,20
1445,786,505,4,5
1446,778,447,1,20
1447,1198,731,4,20
1448,1298,686,3,20
1449,1553,324,2,15
1450,1404,899,4,10
1451,1663,190,3,20
1452,93,54,2,20
1453,663,6,2,25
1454,1642,686,3,0
1455,1493,427,3,10
1456,1896,524,5,15
1457,986,289,2,20
1458,1865,1098,2,20
1459,2,616,4,5
1460,1960,479,1,10
1461,1895,740,3,15
1462,1498,172,3,25
1463,988,599,5,5
1464,305,733,1,0
1465,534,938,5,20
1466,956,649,2,0
1467,275,17,3,0
1468,1195,660,3,5
1469,903,1015,4,15
1470,195,1053,2,0
1471,1431,1083,3,20
1472,106,123,1,25
1473,1427,1098,4,5
1474,176,640,2,20
1475,173,665,1,0
1476,513,469,4,15
1477,1096,845,2,25
1478,213,31,4,20
1479,159,1124,4,0
1480,93,831,5,10
1481,867,617,2,10
1482,1559,931,1,15
1483,1316,1123,1,5
1484,1769,877,5,25
1485,406,501,1,10
1486,1930,540,2,25
1487,1522,402,1,15
1488,69,109,2,5
1489,112,379,5,15
1490,1791,687,3,25
1491,39,669,2,5
1492,591,196,1,10
1493,1615,315,1,15
1494,838,984,1,0
1495,646,155,3,10
1496,1513,1160,2,0
1497,196,823,4,5
1498,422,1064,2,5
1499,278,280,3,0
1500,65,655,2,20
1501,268,378,2,0
1502,763,774,2,25
1503,57,196,5,0
1504,1742,155,1,5
1505,525,1095,3,5
1506,458,1180,1,5
1507,467,357,3,5
1508,1059,776,1,5
1509,325,499,5,10
1510,688,844,3,10
1511,259,444,3,5
1512,1026,819,3,10
1513,1249,907,4,0
1514,355,541,5,20
1515,881,880,2,10
1516,357,112,5,10
1517,507,896,4,25
1518,1373,970,2,10
1519,1356,1174,5,25
1520,1281,739,2,20
1521,967,476,3,15
1522,1710,189,3,25
1523,364,786,4,10
1524,1668,681,5,0
1525,548,1000,4,5
1526,758,505,5,0
1527,1269,854,4,10
1528,216,546,4,10
1529,449,511,4,20
1530,1430,760,2,10
1531,1799,905,3,15
1532,890,651,2,10
1533,427,1150,5,25
1534,1412,836,2,25
1535,1804,1181,5,10
1536,1532,512,2,10
1537,415,796,4,20
1538,309,610,1,10
1539,973,168,2,25
1540,938,857,2,25
1541,1281,1121,2,10
1542,556,436,3,15
1543,1124,673,5,25
1544,879,505,5,0
1545,846,208,4,25
1546,1103,302,3,20
1547,964,485,5,20
1548,1541,1119,1,15
1549,197,726,2,25
1550,1939,1025,1,0
1551,807,1056,2,25
1552,946,182,1,5
1553,48,1019,2,15
1554,268,778,1,15
1555,1416,341,1,0
1556,561,1099,5,15
1557,1669,988,5,25
1558,40,1139,2,15
1559,1499,564,5,5
1560,242,270,1,10
1561,816,403,5,10
1562,1604,906,4,5
1563,663,570,2,25
1564,1185,337,4,25
1565,608,706,4,5
1566,1879,392,5,0
1567,943,285,5,20
1568,1292,616,1,5
1569,810,1173,3,20
1570,1734,164,1,5
1571,1315,848,4,25
1572,599,1162,4,0
1573,1271,840,4,25
1574,53,844,5,5
1575,448,674,2,20
1576,228,68,1,15
1577,221,348,3,20
1578,57,233,4,25
1579,506,1163,5,10
1580,1498,1199,1,0
1581,399,464,2,10
1582,1991,557,2,15
1583,1880,859,4,25
1584,1639,421,3,20
1585,1628,206,3,0
1586,1691,1154,5,25
1587,544,182,1,0
1588,1772,890,4,20
1589,444,78,1,10
1590,1862,1115,1,0
1591,821,22,3,20
1592,1341,171,1,0
1593,1738,639,2,0
1594,309,1085,5,15
1595,1748,855,1,15
1596,1876,1115,1,25
1597,1976,149,5,20
1598,82,505,3,5
1599,250,411,3,20
1600,1834,675,3,20
1601,535,320,1,5
1602,654,405,1,15
1603,126,980,5,25
1604,197,995,5,0
1605,421,1114,4,0
1606,164,664,4,0
1607,1752,177,4,0
1608,417,277,1,20
1609,1397,634,1,5
1610,622,951,1,5
1611,1988,1067,5,25
1612,181,593,1,0
1613,272,1093,4,25
1614,613,650,2,15
1615,1913,154,5,5
1616,1987,894,4,20
1617,755,1006,4,10
1618,1762,878,2,20
1619,147,490,5,0
1620,77,1023,3,20
1621,1988,228,4,0
1622,1603,1183,3,5
1623,511,311,1,10
1624,582,99,1,25
1625,487,169,3,5
1626,679,106,4,20
1627,1359,888,2,15
1628,137,833,5,10
1629,1668,706,3,5
1630,662,360,4,25
1631,639,154,1,5
1632,1297,745,3,15
1633,1476,134,4,20
1634,1112,566,5,20
1635,1874,736,4,15
1636,1239,579,5,20
1637,1945,453,1,0
1638,757,218,5,25
1639,1436,698,4,15
1640,713,824,2,10
1641,746,1034,3,5
1642,1745,378,4,25
1643,1484,177,4,5
1644,799,828,2,25
1645,741,830,3,0
1646,531,784,1,15
1647,47,88,1,10
1648,1760,563,1,5
1649,11,775,5,25
1650,1958,863,2,10
1651,83,1049,4,0
1652,1796,11,1,25
1653,1665,844,4,20
1654,1228,121,3,0
1655,996,278,5,5
1656,16,967,4,5
1657,394,1028,1,0
1658,720,331,2,5
1659,293,1131,2,5
1660,359,1139,2,10
1661,27,1098,3,15
1662,670,319,5,5
1663,734,609,1,0
1664,559,189,1,25
1665,1539,1136,3,15
1666,1240,238,2,10
1667,1823,209,1,5
1668,711,61,3,5
1669,653,908,2,5
1670,1570,1087,5,5
1671,1892,16,4,10
1672,241,737,4,20
1673,84,952,5,5
1674,60,262,5,0
1675,1744,150,1,10
1676,210,590,3,5
1677,618,159,5,10
1678,1786,259,5,0
1679,1905,538,3,15
1680,1139,840,4,10
1681,1501,264,5,0
1682,359,175,5,25
1683,1138,458,1,15
1684,455,706,4,20
1685,1316,52,2,15
1686,1144,1199,1,25
1687,299,200,2,25
1688,1271,911,3,5
1689,1684,825,5,20
1690,29,654,3,20
1691,662,706,4,10
1692,1214,1172,3,25
1693,1574,43,5,10
1694,383,1180,1,15
1695,1235,881,5,25
1696,101,611,3,5
1697,1065,1113,4,0
1698,773,137,1,15
1699,680,861,4,5
1700,479,927,3,10
1701,910,89,1,15
1702,652,295,4,15
1703,191,457,4,25
1704,1148,142,3,20
1705,1841,1131,1,5
1706,733,451,1,20
1707,575,399,4,25
1708,817,330,5,15
1709,606,552,3,15
1710,1585,1022,2,10
1711,1644,19,5,10
1712,1384,378,2,25
1713,289,514,2,5
1714,618,1050,1,0
1715,561,164,4,25
1716,259,631,1,25
1717,678,701,2,15
1718,1230,222,3,20
1719,693,646,4,10
1720,1733,1198,1,15
1721,357,1022,5,15
1722,31,333,3,5
1723,756,927,1,5
1724,1563,437,2,25
1725,296,693,5,10
1726,735,372,2,0
1727,660,1102,2,20
1728,793,464,1,10
1729,42,287,5,15
1730,804,377,5,20
1731,186,907,2,0
1732,995,606,2,20
1733,285,269,1,10
1734,179,835,4,20
1735,1900,363,1,10
1736,1402,494,5,5
1737,1843,832,4,20
1738,430,973,1,15
1739,454,259,3,0
1740,1989,442,1,5
1741,1201,322,5,0
1742,619,1089,3,0
1743,379,310,1,15
1744,196,1199,1,0
1745,1181,491,2,5
1746,766,463,4,20
1747,998,174,5,0
1748,5,120,1,5
1749,1452,1192,3,15
1750,204,772,2,5
1751,1724,698,4,25
1752,1471,576,4,0
1753,1053,755,3,20
1754,634,6,4,20
1755,1274,293,2,0
1756,586,705,2,5
1757,1522,480,1,15
1758,1334,960,4,20
1759,1574,155,3,10
1760,772,594,4,25
1761,590,502,4,0
1762,1603,243,5,10
1763,1936,723,2,25
1764,1259,214,1,25
1765,925,1022,4,15
1766,1458,877,3,0
1767,706,363,4,25
1768,1836,857,1,5
1769,55,1179,2,20
1770,178,658,4,20
1771,113,834,1,25
1772,1280,123,2,5
1773,504,142,1,15
1774,980,1121,4,0
1775,792,979,4,5
1776,687,504,2,5
1777,407,996,1,20
1778,729,1200,2,0
1779,1780,283,4,25
1780,1059,583,5,10
1781,849,452,4,0
1782,171,586,2,20
1783,639,395,1,0
1784,60,502,4,10
1785,1583,504,5,20
1786,1157,305,2,25
1787,1429,150,2,5
1788,532,896,3,20
1789,1350,1029,4,15
1790,1255,428,2,15
1791,1547,1097,3,0
1792,1006,1135,2,25
1793,1018,846,3,20
1794,147,699,2,20
1795,286,85,1,0
1796,1596,563,1,15
1797,1647,724,2,25
1798,877,805,3,5
1799,883,912,2,10
1800,131,296,4,5
1801,573,648,3,5
1802,1971,510,4,10
1803,1378,804,3,15
1804,1257,962,4,10
1805,1084,904,5,10
1806,1206,873,2,5
1807,571,1184,3,25
1808,753,247,1,10
1809,834,283,3,0
1810,1964,847,5,5
1811,1988,1163,4,10
1812,785,1094,3,0
1813,293,112,4,5
1814,1538,917,4,25
1815,1009,368,5,5
1816,1515,655,1,20
1817,903,1197,2,10
1818,1403,552,2,0
1819,269,1179,1,10
1820,896,761,1,5
1821,302,402,3,15
1822,946,1127,1,10
1823,1866,707,4,25
1824,1162,950,2,10
1825,239,1065,3,25
1826,1343,107,4,0
1827,417,472,5,20
1828,275,192,3,15
1829,1138,295,2,5
1830,911,320,1,20
1831,1431,553,3,0
1832,1470,809,4,15
1833,1569,912,1,15
1834,404,834,2,25
1835,288,1066,4,5
1836,9,232,1,5
1837,1809,311,1,0
1838,1826,1061,3,20
1839,1881,550,2,15
1840,1674,519,5,5
1841,420,436,4,15
1842,1384,1181,4,0
1843,1940,1044,2,25
1844,1107,831,4,25
1845,1516,176,2,15
1846,18,688,3,20
1847,1879,586,4,20
1848,273,50,5,10
1849,1879,859,3,20
1850,1465,107,1,5
1851,299,536,5,10
1852,1564,192,5,5
1853,767,103,1,0
1854,222,680,3,15
1855,225,974,3,20
1856,1466,123,5,0
1857,444,1073,5,20
1858,1309,74,3,10
1859,1307,140,1,10
1860,126,557,2,0
1861,714,831,4,20
1862,697,156,2,10
1863,392,1070,1,10
1864,1055,445,4,10
1865,939,655,3,20
1866,103,404,1,20
1867,1310,25,1,15
1868,1058,651,4,10
1869,917,226,4,15
1870,1125,538,1,0
1871,1971,77,2,15
1872,1619,211,4,20
1873,1080,1145,2,15
1874,1438,211,4,0
1875,219,750,5,15
1876,869,1060,4,0
1877,175,1165,5,15
1878,1693,790,4,10
1879,1187,1068,2,25
1880,408,328,4,0
1881,976,86,3,0
1882,682,1099,2,10
1883,389,524,3,25
1884,1105,138,5,10
1885,865,671,4,25
1886,308,1118,3,5
1887,747,491,2,20
1888,1344,1043,2,10
1889,327,795,4,25
1890,291,194,4,25
1891,988,687,5,0
1892,137,677,5,10
1893,1903,872,4,20
1894,994,427,1,5
1895,14,311,5,10
1896,419,323,4,5
1897,981,787,4,20
1898,1148,455,3,10
1899,143,760,1,5
1900,656,258,5,10
1901,1933,615,4,0
1902,1984,489,1,20
1903,957,391,1,20
1904,1877,1156,4,5
1905,1815,17,4,5
1906,1138,342,4,15
1907,961,934,1,0
1908,1800,1027,3,5
1909,654,263,4,25
1910,1033,799,2,0
1911,1598,126,1,15
1912,1859,170,2,0
1913,99,290,3,5
1914,397,605,3,15
1915,444,107,3,25
1916,1349,991,4,15
1917,193,875,1,25
1918,1188,1194,4,0
1919,771,748,5,15
1920,717,817,4,15
1921,833,607,1,20
1922,1249,774,5,5
1923,399,589,3,0
1924,36,751,2,5
1925,1918,577,2,25
1926,778,747,2,15
1927,1279,411,2,5
1928,1716,181,5,0
1929,1557,530,2,20
1930,1441,28,4,0
1931,742,583,4,25
1932,499,863,1,0
1933,686,1010,5,0
1934,170,674,1,25
1935,1438,197,1,0
1936,813,311,4,0
1937,63,1033,1,5
1938,822,715,5,20
1939,1470,428,3,15
1940,1864,689,5,15
1941,1769,1140,2,5
1942,653,592,5,20
1943,1462,424,3,15
1944,1832,183,5,5
1945,221,581,5,15
1946,967,1168,1,10
1947,788,497,5,15
1948,1298,794,3,25
1949,1704,492,2,0
1950,1796,426,1,15
1951,1419,285,4,15
1952,748,300,5,5
1953,636,805,5,10
1954,541,341,4,25
1955,264,595,1,0
1956,1661,71,2,0
1957,1119,802,1,0
1958,623,773,1,10
1959,177,50,5,10
1960,574,427,2,15
1961,1797,235,4,25
1962,416,117,2,5
1963,656,862,2,15
1964,1226,412,1,0
1965,1858,120,1,25
1966,78,108,5,20
1967,1206,481,1,20
1968,909,1068,1,25
1969,8,635,5,0
1970,356,1079,2,10
1971,1432,571,1,10
1972,1114,369,5,25
1973,104,472,1,10
1974,1447,452,4,15
1975,870,182,2,15
1976,807,349,5,25
1977,51,1049,1,5
1978,281,879,5,0
1979,715,1172,3,15
1980,1832,526,4,0
1981,1786,712,2,0
1982,1697,181,1,10
1983,1395,1124,2,25
1984,1597,501,1,20
1985,887,1019,2,20
1986,918,1032,3,5
1987,194,1143,5,0
1988,1530,632,2,25
1989,865,477,4,15
1990,1503,730,1,25
1991,213,831,4,15
1992,981,202,5,15
1993,981,816,2,25
1994,1088,1112,2,15
1995,1899,484,4,20
1996,1078,733,1,0
1997,1493,813,2,15
1998,1894,823,2,20
1999,326,377,4,15
2000,891,910,5,25
2001,1055,23,5,25
2002,1409,399,4,25
2003,814,176,4,10
2004,347,384,5,25
2005,1234,1102,5,0
2006,950,597,5,20
2007,496,652,5,20
2008,218,278,3,10
2009,1275,977,4,15
2010,312,889,3,20
2011,1713,1016,4,10
2012,52,1125,2,20
2013,757,1090,1,10
2014,61,149,3,0
2015,1584,903,1,15
2016,676,989,5,20
2017,386,1171,1,5
2018,1209,722,4,10
2019,1642,191,5,20
2020,904,165,1,10
2021,1077,878,1,0
2022,1788,740,1,0
2023,1472,377,3,10
2024,1218,371,5,15
2025,1150,1007,3,25
2026,949,102,2,25
2027,35,290,5,5
2028,37,253,1,25
2029,1797,308,3,25
2030,28,131,5,15
2031,1712,74,4,10
2032,351,1171,1,15
2033,1355,706,2,5
2034,332,466,2,15
2035,1239,432,1,25
2036,1149,33,4,5
2037,1816,86,1,15
2038,1309,401,1,5
2039,1664,536,2,15
2040,1334,868,2,10
2041,1438,1176,4,10
2042,490,962,3,0
2043,1429,669,4,25
2044,189,568,3,15
2045,1938,753,4,25
2046,1592,1016,3,0
2047,1476,780,5,15
2048,1616,427,3,25
2049,623,519,3,5
2050,521,677,1,10
2051,780,879,5,20
2052,1358,858,3,20
2053,407,549,5,5
2054,1611,608,5,25
2055,1754,469,3,25
2056,1121,879,2,15
2057,1705,1013,2,15
2058,803,614,5,10
2059,493,316,1,25
2060,1662,944,4,10
2061,1075,965,1,20
2062,1846,596,2,5
2063,1584,837,5,20
2064,448,516,3,5
2065,1785,882,5,25
2066,691,1097,1,10
2067,49,626,3,0
2068,740,66,5,5
2069,1090,552,4,15
2070,339,17,1,15
2071,404,575,2,20
2072,1554,402,5,0
2073,1428,958,4,5
2074,1874,1004,2,20
2075,645,553,3,25
2076,1288,10,2,20
2077,1896,59,1,15
2078,283,687,5,10
2079,226,726,1,25
2080,272,10,3,10
2081,48,379,5,0
2082,639,430,3,5
2083,1812,133,2,15
2084,1222,543,2,5
2085,1538,1007,5,10
2086,386,162,1,0
2087,292,490,3,20
2088,60,563,2,15
2089,734,379,4,10
2090,306,1130,4,25
2091,779,376,3,0
2092,1418,105,5,10
2093,1016,458,5,5
2094,1135,717,3,10
2095,701,165,3,25
2096,1550,884,1,20
2097,1688,166,5,5
2098,664,193,1,15
2099,1364,624,3,10
2100,641,451,4,25
2101,65,856,2,15
2102,382,1114,1,15
2103,934,410,2,15
2104,513,790,1,5
2105,1733,178,3,15
2106,768,867,2,15
2107,528,208,2,15
2108,59,1053,3,20
2109,243,1047,4,15
2110,328,29,5,20
2111,1911,122,4,20
2112,480,172,5,15
2113,493,42,2,20
2114,1225,689,1,15
2115,1526,1012,1,10
2116,688,67,3,25
2117,1261,1106,2,5
2118,1873,858,4,5
2119,1386,205,2,5
2120,575,470,5,20
2121,1087,79,3,20
2122,705,186,3,25
2123,312,118,2,10
2124,1245,497,4,10
2125,751,95,2,20
2126,360,487,1,5
2127,523,272,4,10
2128,1572,760,4,15
2129,956,379,5,20
2130,131,226,3,10
2131,1210,50,3,25
2132,530,398,1,20
2133,1743,416,3,5
2134,893,763,2,0
2135,1816,79,2,25
2136,1199,991,4,0
2137,1389,220,3,0
2138,836,302,5,0
2139,1943,958,5,5
2140,799,696,1,15
2141,438,332,5,0
2142,1725,876,2,25
2143,1259,171,1,25
2144,1032,1002,2,20
2145,319,321,1,20
2146,1127,505,4,20
2147,1843,155,3,15
2148,447,944,4,15
2149,234,56,3,5
2150,1157,1053,4,15
2151,3,906,3,10
2152,1742,166,3,5
2153,116,521,3,10
2154,105,22,2,0
2155,269,773,5,5
2156,1148,1013,5,20
2157,71,437,3,25
2158,710,114,2,20
2159,648,1031,4,15
2160,1560,813,1,5
2161,1329,98,3,0
2162,1239,422,3,15
2163,1403,941,3,10
2164,1281,141,5,25
2165,1482,300,2,15
2166,1110,1035,1,0
2167,155,499,5,25
2168,271,915,2,0
2169,100,643,1,5
2170,501,576,4,0
2171,206,1118,3,5
2172,305,6,1,5
2173,1097,1121,2,10
2174,1631,484,2,0
2175,1579,1127,2,25
2176,1498,158,4,20
2177,249,842,2,15
2178,1723,19,2,20
2179,1158,177,4,5
2180,1512,780,5,0
2181,955,1046,5,25
2182,628,996,4,15
2183,378,95,1,0
2184,725,266,1,10
2185,1432,205,1,15
2186,1871,19,4,0
2187,889,495,3,20
2188,748,57,5,20
2189,657,214,2,5
2190,940,14,5,10
2191,166,226,5,0
2192,1275,543,3,10
2193,532,745,4,20
2194,968,291,5,15
2195,705,694,4,0
2196,1229,382,4,15
2197,1021,161,2,15
2198,914,239,5,20
2199,851,290,4,5
2200,1198,726,4,0
2201,276,823,4,15
2202,1114,449,1,10
2203,745,1013,2,15
2204,202,401,5,20
2205,979,587,1,5
2206,1494,287,2,25
2207,1343,592,4,0
2208,619,609,4,15
2209,361,1013,4,5
2210,1490,448,1,10
2211,1949,227,1,15
2212,853,199,3,5
2213,1283,210,3,5
2214,606,1048,2,0
2215,1231,813,5,25
2216,864,425,4,10
2217,982,56,3,15
2218,642,773,5,20
2219,794,1046,4,0
2220,444,773,5,20
2221,1597,474,1,0
2222,570,1109,2,15
2223,1399,467,4,25
2224,465,162,3,20
2225,1998,371,2,25
2226,1942,233,2,15
2227,1915,119,4,10
2228,1226,457,3,0
2229,90,542,1,15
2230,1522,298,5,0
2231,168,1113,4,5
2232,263,1052,2,10
2233,983,255,5,5
2234,42,180,5,0
2235,915,1195,4,25
2236,110,984,3,25
2237,918,1077,5,25
2238,1619,1067,3,20
2239,978,584,5,20
2240,920,117,3,5
2241,1905,277,1,15
2242,255,227,3,20
2243,1749,839,3,15
2244,729,1059,1,20
2245,1270,1095,1,0
2246,887,158,4,5
2247,1295,642,4,5
2248,194,836,2,0
2249,345,945,3,10
2250,919,365,4,0
2251,858,625,5,15
2252,447,1000,5,20
2253,146,182,5,5
2254,1077,1190,5,0
2255,803,1087,2,25
2256,97,234,2,25
2257,1687,27,4,0
2258,873,1012,3,5
2259,1629,352,1,15
2260,455,399,4,0
2261,1644,496,1,15
2262,1258,1080,3,10
2263,1185,76,1,10
2264,1412,116,2,15
2265,1378,335,5,10
2266,1536,606,3,20
2267,1591,682,5,5
2268,700,863,2,25
2269,1225,1123,1,5
2270,987,571,2,20
2271,1295,316,2,10
2272,1592,701,1,15
2273,1657,558,1,20
2274,1435,378,3,20
2275,1804,137,3,15
2276,1777,863,2,0
2277,1678,374,2,15
2278,1662,77,1,25
2279,1111,810,2,20
2280,1226,535,3,10
2281,201,426,5,10
2282,652,479,1,10
2283,798,446,1,20
2284,497,18,4,20
2285,820,1068,3,20
2286,95,878,3,10
2287,1807,1187,5,15
2288,278,569,1,20
2289,1535,361,1,15
2290,991,386,3,25
2291,1937,191,4,15
2292,1041,132,1,5
2293,442,964,2,15
2294,928,59,4,25
2295,279,248,4,25
2296,464,602,1,25
2297,1884,370,3,5
2298,1333,352,2,25
2299,1743,554,1,25
2300,1264,1076,2,0
2301,844,504,2,25
2302,481,889,3,10
2303,1847,30,1,20
2304,205,635,3,10
2305,345,608,5,10
2306,319,64,2,25
2307,573,502,3,0
2308,1429,631,4,15
2309,719,187,1,25
2310,1507,1055,4,25
2311,134,689,4,10
2312,17,1180,3,0
2313,633,1014,3,5
2314,1272,1105,5,25
2315,134,395,4,0
2316,656,638,2,10
2317,1718,666,1,25
2318,1298,115,5,5
2319,790,156,1,0
2320,1317,409,3,15
2321,655,548,2,25
2322,1184,360,1,25
2323,1960,358,2,15
2324,783,782,4,20
2325,1360,868,5,5
2326,1588,344,5,10
2327,479,475,5,15
2328,192,1165,3,0
2329,1710,134,5,5
2330,1247,34,5,5
2331,1605,626,2,10
2332,1339,305,3,0
2333,776,870,2,20
2334,1526,385,3,15
2335,392,413,3,25
2336,1060,1104,5,5
2337,1951,488,3,5
2338,968,760,1,25
2339,1079,781,4,20
2340,522,77,5,15
2341,1590,742,3,5
2342,583,511,5,5
2343,786,274,5,10
2344,704,43,4,10
2345,419,697,1,20
2346,1766,712,2,20
2347,1298,1072,5,10
2348,1247,558,4,25
2349,1773,17,2,20
2350,875,865,3,10
2351,430,661,5,0
2352,1720,964,4,10
2353,92,530,4,0
2354,1644,1126,5,5
2355,10,78,5,20
2356,697,562,2,20
2357,1042,933,2,10
2358,584,824,4,20
2359,1972,889,4,15
2360,1207,1104,5,20
2361,529,936,1,15
2362,1436,219,4,25
2363,1748,46,4,20
2364,106,175,3,20
2365,902,169,1,0
2366,1973,441,5,10
2367,1631,918,1,10
2368,804,984,3,15
2369,886,668,1,25
2370,694,157,5,25
2371,1035,866,1,25
2372,197,788,4,25
2373,600,535,5,25
2374,1399,371,2,10
2375,1422,425,3,20
2376,1818,891,5,20
2377,672,39,3,10
2378,1556,35,3,15
2379,837,1181,2,15
2380,703,637,1,5
2381,1690,542,2,20
2382,891,148,4,25
2383,1100,344,3,15
2384,255,616,1,5
2385,677,115,2,20
2386,663,1005,4,25
2387,354,771,3,20
2388,1618,147,4,5
2389,1060,589,5,5
2390,1554,834,5,0
2391,1375,790,2,10
2392,1049,719,2,0
2393,1475,174,1,0
2394,1742,290,4,20
2395,1184,773,5,10
2396,173,427,1,10
2397,1317,1032,3,5
2398,1857,1003,4,10
2399,1074,771,4,0
2400,1826,443,4,10
2401,850,301,1,5
2402,1531,866,2,10
2403,623,577,2,25
2404,1219,529,4,20
2405,1600,774,2,5
2406,215,1101,1,25
2407,1973,309,2,5
2408,760,901,4,0
2409,977,98,4,5
2410,1717,255,4,10
2411,574,732,4,15
2412,1815,877,2,25
2413,847,279,4,5
2414,1932,804,4,20
2415,642,85,5,20
2416,1847,1136,5,15
2417,1667,1016,3,15
2418,1979,767,5,10
2419,1402,588,2,10
2420,1719,1029,3,5
2421,1204,726,2,15
2422,1536,942,3,0
2423,1971,492,4,15
2424,954,860,5,15
2425,577,52,3,5
2426,47,984,4,15
2427,727,165,3,20
2428,912,719,2,10
2429,181,156,3,15
2430,1570,426,2,0
2431,1274,120,1,25
2432,1470,96,5,10
2433,1513,69,4,10
2434,816,732,5,5
2435,496,595,3,10
2436,501,1076,3,25
2437,1346,866,3,5
2438,701,370,2,25
2439,267,843,4,0
2440,1293,28,1,10
2441,956,60,5,25
2442,162,144,1,25
2443,503,631,5,25
2444,741,864,1,0
2445,1229,1028,5,20
2446,1507,818,3,0
2447,178,1122,1,25
2448,1817,652,5,5
2449,1534,918,3,15
2450,874,157,3,25
2451,628,964,4,15
2452,1891,191,5,25
2453,1565,837,5,15
2454,1370,1,3,25
2455,946,1196,4,15
2456,1375,786,5,5
2457,1451,33,3,25
2458,273,756,4,10
2459,1230,768,1,20
2460,1315,139,3,25
2461,337,477,2,0
2462,1496,370,5,25
2463,381,1017,4,10
2464,1752,36,3,10
2465,1717,986,2,20
2466,1096,865,2,5
2467,138,519,1,10
2468,138,443,1,20
2469,796,771,1,10
2470,993,630,4,5
2471,437,1131,5,0
2472,519,930,5,10
2473,344,535,4,10
2474,1771,620,2,0
2475,385,671,5,10
2476,578,212,1,25
2477,1790,341,2,20
2478,985,463,3,0
2479,1101,833,4,10
2480,1896,1018,4,10
2481,196,418,1,5
2482,1882,751,1,20
2483,1381,385,1,5
2484,728,1053,3,5
2485,548,857,3,20
2486,1669,161,3,5
2487,1948,1080,5,10
2488,1307,344,1,15
2489,1128,672,3,20
2490,1653,119,5,20
2491,622,156,2,20
2492,769,677,3,20
2493,1720,227,4,15
2494,707,365,2,20
2495,421,199,5,5
2496,638,1091,5,0
2497,1122,85,1,5
2498,1968,1092,1,10
2499,1774,789,2,10
2500,261,355,3,5
2501,211,758,5,15
2502,1525,496,1,20
2503,1507,209,2,0
2504,1055,644,2,15
2505,1853,396,3,0
2506,179,606,4,0
2507,403,511,1,10
2508,1808,730,3,5
2509,1739,111,1,10
2510,458,80,2,0
2511,1656,630,3,0
2512,922,904,5,0
2513,1376,205,1,20
2514,1819,835,3,20
2515,1125,621,3,10
2516,936,834,4,5
2517,1535,626,3,10
2518,246,1144,2,20
2519,1211,202,2,15
2520,1923,547,3,5
2521,113,854,3,25
2522,169,211,1,15
2523,1991,215,4,25
2524,780,192,1,0
2525,1834,1079,2,5
2526,1361,513,2,25
2527,253,829,5,5
2528,855,1032,2,5
2529,1408,172,4,10
2530,1901,824,2,25
2531,1602,781,5,20
2532,1596,782,2,0
2533,1084,397,3,15
2534,1174,177,1,0
2535,708,1165,2,5
2536,1356,721,4,5
2537,1557,272,5,25
2538,934,101,2,5
2539,299,63,1,25
2540,1354,949,3,20
2541,696,1011,2,10
2542,1649,392,5,15
2543,1924,251,2,20
2544,717,181,3,10
2545,382,92,3,25
2546,1049,48,2,25
2547,1941,1057,4,0
2548,1651,779,1,10
2549,1132,59,2,5
2550,537,27,4,10
2551,1736,616,4,10
2552,924,818,5,10
2553,86,1187,1,10
2554,1784,171,5,25
2555,1197,1035,3,15
2556,804,532,2,0
2557,193,797,3,25
2558,1723,726,4,5
2559,452,1055,5,15
2560,1088,1042,5,15
2561,1491,781,3,15
2562,1428,487,1,5
2563,798,108,4,25
2564,263,283,5,0
2565,1812,181,1,25
2566,1778,397,5,15
2567,19,573,4,20
2568,568,916,1,20
2569,1261,32,2,20
2570,35,425,3,0
2571,1557,526,5,20
2572,1634,661,2,20
2573,346,1167,3,10
2574,151,250,3,15
2575,1657,1154,1,10
2576,478,631,4,5
2577,1149,491,5,10
2578,1808,191,4,15
2579,441,116,5,10
2580,1493,453,2,25
2581,1496,807,4,0
2582,1655,1140,3,20
2583,1555,1059,4,25
2584,1083,848,3,15
2585,1411,306,5,5
2586,753,1096,2,5
2587,1077,338,5,0
2588,1557,227,5,5
2589,316,503,3,5
2590,86,895,5,20
2591,703,875,5,25
2592,611,866,4,15
2593,1309,1015,5,0
2594,1251,818,3,10
2595,1642,1130,2,15
2596,1994,551,3,20
2597,667,1178,4,10
2598,301,163,2,10
2599,1303,411,1,15
2600,661,706,3,20
2601,1288,325,5,25
2602,1276,1001,3,20
2603,1452,937,3,0
2604,1981,132,3,20
2605,791,321,4,15
2606,662,247,1,20
2607,1268,1010,4,10
2608,686,459,3,20
2609,833,729,3,0
2610,1572,734,4,10
2611,1817,229,5,15
2612,903,1085,5,15
2613,487,17,1,20
2614,1957,424,3,25
2615,1033,377,1,0
2616,812,393,1,0
2617,1554,671,5,15
2618,1336,318,2,10
2619,297,259,5,10
2620,1556,1109,2,10
2621,1582,343,4,15
2622,841,1134,1,20
2623,1288,1065,3,15
2624,1342,101,1,25
2625,1791,1037,1,10
2626,17,418,2,10
2627,1134,11,1,10
2628,1783,449,4,25
2629,496,768,5,15
2630,820,996,1,10
2631,669,535,3,15
2632,1804,33,3,5
2633,1200,316,4,0
2634,1260,896,4,10
2635,1908,826,2,15
2636,279,99,3,25
2637,423,810,3,20
2638,1175,129,1,20
2639,1415,314,5,10
2640,838,911,2,20
2641,747,88,2,0
2642,1802,732,3,25
2643,1815,446,5,5
2644,1764,41,4,15
2645,697,656,5,5
2646,183,326,4,5
2647,854,533,2,20
2648,760,815,4,25
2649,1049,547,3,25
2650,810,6,4,20
2651,1249,46,4,10
2652,169,1153,5,0
2653,1244,1034,1,15
2654,990,768,3,0
2655,314,1173,3,10
2656,197,629,5,5
2657,695,422,1,15
2658,1880,565,5,20
2659,365,1065,2,20
2660,1599,689,5,15
2661,558,902,4,15
2662,718,777,3,20
2663,1839,76,4,0
2664,741,668,3,25
2665,1255,540,2,25
2666,1711,627,2,15
2667,1100,965,4,0
2668,689,841,5,5
2669,1948,289,1,20
2670,545,111,4,15
2671,1939,494,3,0
2672,709,432,3,20
2673,950,956,1,0
2674,1360,98,1,0
2675,1946,683,3,15
2676,932,469,3,20
2677,1969,539,2,25
2678,147,538,5,15
2679,274,355,3,10
2680,960,1025,3,15
2681,522,213,2,10
2682,554,1000,3,0
2683,806,1094,3,25
2684,767,958,2,20
2685,1363,644,2,5
2686,1763,297,5,10
2687,1980,764,3,20
2688,37,1193,3,15
2689,1530,618,4,10
2690,1901,1028,1,25
2691,838,825,1,5
2692,1613,1088,3,25
2693,1312,241,2,15
2694,344,489,2,25
2695,1508,619,4,0
2696,616,38,4,0
2697,516,821,5,15
2698,1298,197,3,25
2699,1010,1002,2,10
2700,255,1139,3,25
2701,655,1172,3,0
2702,1062,444,4,10
2703,764,825,1,0
2704,946,53,2,20
2705,1689,796,1,0
2706,160,943,3,20
2707,1389,64,1,0
2708,898,73,4,15
2709,1174,553,5,0
2710,1002,1113,4,25
2711,1224,365,5,10
2712,643,201,4,25
2713,320,225,3,20
2714,1660,485,5,20
2715,869,912,4,25
2716,512,723,2,15
2717,997,492,3,25
2718,1630,730,5,20
2719,835,94,4,0
2720,931,263,2,20
2721,1103,440,3,0
2722,1981,438,2,10
2723,1680,219,2,20
2724,15,153,3,5
2725,97,959,3,5
2726,1009,635,5,5
2727,886,830,2,10
2728,983,1163,4,15
2729,1575,129,3,20
2730,1973,46,2,25
2731,1573,23,1,15
2732,1380,468,3,25
2733,895,748,5,5
2734,799,52,5,5
2735,1996,702,2,25
2736,851,486,4,20
2737,1938,542,1,5
2738,1816,1038,5,15
2739,879,1195,1,0
2740,1660,259,2,5
2741,1632,341,1,10
2742,1284,341,3,5
2743,1649,774,1,0
2744,1200,1002,5,20
2745,1651,301,3,20
2746,1772,627,4,10
2747,925,541,3,15
2748,1874,763,2,5
2749,768,650,3,10
2750,1894,157,1,20
2751,200,1091,3,0
2752,438,783,4,5
2753,1047,38,3,5
2754,119,423,5,25
2755,1318,1106,1,25
2756,1215,444,4,25
2757,879,1051,3,0
2758,1100,573,4,0
2759,533,783,2,5
2760,58,153,3,25
2761,1070,500,2,5
2762,663,547,1,0
2763,228,379,4,5
2764,1110,425,4,0
2765,401,4,5,15
2766,1800,809,3,15
2767,1860,989,1,25
2768,1174,22,4,25
2769,1362,990,4,0
2770,1990,1114,2,15
2771,773,296,5,10
2772,6,990,4,25
2773,989,135,4,5
2774,1963,193,4,5
2775,86,578,5,20
2776,1732,1058,4,20
2777,102,614,1,20
2778,799,1177,2,0
2779,464,332,4,10
2780,1341,673,4,10
2781,1260,880,4,10
2782,224,171,4,0
2783,662,473,5,25
2784,42,793,3,20
2785,68,1157,4,25
2786,32,470,3,5
2787,689,235,5,15
2788,1399,109,1,20
2789,142,766,5,20
2790,205,385,4,20
2791,292,1187,4,15
2792,1955,23,4,10
2793,359,242,3,5
2794,138,510,4,25
2795,284,699,2,15
2796,1630,8,2,5
2797,232,868,5,25
2798,1904,52,5,25
2799,1045,933,3,10
2800,1054,22,2,20
2801,475,408,3,20
2802,473,1032,3,5
2803,1398,170,1,15
2804,742,919,2,10
2805,1744,173,4,10
2806,693,520,4,20
2807,446,707,1,0
2808,1795,334,1,10
2809,97,182,2,20
2810,501,388,1,20
2811,677,753,5,25
2812,1194,988,5,20
2813,25,452,3,20
2814,930,205,4,15
2815,167,996,1,5
2816,67,708,4,20
2817,926,117,5,10
2818,151,266,3,25
2819,783,10,3,0
2820,1973,804,3,20
2821,1658,475,5,20
2822,657,428,2,15
2823,789,1145,3,0
2824,1549,1142,4,15
2825,937,952,4,0
2826,20,795,3,5
2827,636,665,5,25
2828,932,478,1,25
2829,1562,968,2,0
2830,467,463,2,10
2831,1189,861,4,10
2832,1869,1024,3,10
2833,239,1,3,20
2834,576,1093,1,20
2835,622,899,2,0
2836,1109,190,3,15
2837,41,699,3,5
2838,991,106,4,20
2839,1597,1196,3,20
2840,1471,613,4,15
2841,1704,241,1,0
2842,105,992,5,15
2843,804,629,4,10
2844,594,720,4,10
2845,945,307,5,20
2846,1619,934,2,5
2847,794,1181,2,10
2848,1039,692,3,25
2849,51,417,5,0
2850,1247,1040,3,25
2851,779,1083,3,25
2852,854,24,4,15
2853,1482,373,4,0
2854,448,1064,2,15
2855,1602,1123,4,0
2856,1280,907,4,15
2857,900,768,4,0
2858,1551,421,5,20
2859,1830,833,2,15
2860,457,1018,4,20
2861,377,910,1,25
2862,1609,175,1,15
2863,1556,489,3,0
2864,267,1135,5,15
2865,354,384,1,15
2866,1106,344,3,5
2867,336,475,2,25
2868,1929,496,1,5
2869,442,471,3,10
2870,777,47,4,25
2871,1822,57,4,20
2872,1996,530,2,25
2873,1879,5,4,20
2874,705,268,2,10
2875,897,1102,4,10
2876,1595,288,5,10
2877,186,280,5,10
2878,497,988,1,0
2879,1609,784,3,10
2880,1088,1139,3,10
2881,1089,981,3,5
2882,219,239,5,25
2883,1544,1066,1,10
2884,342,742,3,10
2885,1853,294,5,0
2886,664,508,4,15
2887,1557,620,2,10
2888,683,62,4,20
2889,1761,869,5,20
2890,1306,915,5,15
2891,57,370,1,5
2892,1479,267,2,0
2893,511,154,4,0
2894,1848,191,5,25
2895,1851,668,5,15
2896,1976,850,2,20
2897,1589,1182,2,20
2898,1662,967,5,20
2899,1591,992,2,20
2900,1018,416,1,10
2901,1642,323,3,20
2902,742,838,2,20
2903,1675,232,4,25
2904,1183,804,3,10
2905,236,875,1,5
2906,399,375,5,20
2907,1038,14,4,0
2908,40,664,1,25
2909,85,367,5,15
2910,640,694,1,5
2911,1924,44,2,25
2912,327,8,1,25
2913,1818,1002,3,10
2914,751,557,1,15
2915,565,1086,4,20
2916,282,140,1,10
2917,832,851,2,15
2918,655,37,1,10
2919,351,831,5,15
2920,518,565,2,0
2921,471,816,1,15
2922,1095,700,3,25
2923,1112,387,2,0
2924,1174,763,5,15
2925,291,488,5,5
2926,815,1096,1,15
2927,101,181,3,10
2928,913,315,2,5
2929,822,995,1,10
2930,1519,1089,3,20
2931,1442,205,5,25
2932,943,15,1,10
2933,91,219,5,15
2934,1017,990,2,0
2935,1265,265,3,0
2936,1171,268,1,0
2937,1738,1152,2,20
2938,1483,723,2,5
2939,465,306,5,15
2940,1724,8,3,20
2941,1326,405,4,20
2942,698,1036,2,20
2943,1863,212,3,20
2944,1976,762,3,0
2945,159,880,2,20
2946,1323,909,1,10
2947,1232,338,1,15
2948,685,942,3,25
2949,1760,227,3,5
2950,613,1150,4,5
2951,1194,844,2,15
2952,267,709,5,0
2953,1060,1118,2,25
2954,144,365,3,25
2955,1178,963,4,5
2956,1556,890,4,15
2957,352,529,3,5
2958,1302,627,2,25
2959,1810,702,3,20
2960,1837,948,5,15
2961,338,771,3,15
2962,226,692,4,25
2963,1744,630,2,20
2964,1775,89,2,20
2965,1876,1171,1,5
2966,554,1094,1,25
2967,608,257,3,15
2968,1191,858,1,25
2969,63,103,5,10
2970,20,135,4,25
2971,726,990,2,15
2972,851,262,3,5
2973,831,783,2,5
2974,750,536,5,5
2975,1890,68,2,15
2976,1602,473,1,20
2977,1558,174,3,25
2978,1996,121,1,25
2979,681,304,4,5
2980,223,233,4,5
2981,1679,374,4,10
2982,1867,135,3,15
2983,1967,673,4,20
2984,1986,27,1,25
2985,135,1069,3,5
2986,1881,457,2,10
2987,1251,1081,3,15
2988,1641,628,2,5
2989,1179,1104,2,25
2990,1561,662,5,15
2991,1402,851,4,15
2992,1633,169,3,5
2993,1768,41,2,5
2994,884,335,3,15
2995,1493,484,4,10
2996,22,88,2,5
2997,1240,1153,1,20
2998,78,114,4,10
2999,1726,929,4,0
3000,1771,639,3,5
3001,925,1031,4,5
3002,1725,666,3,10
3003,1349,108,3,5
3004,1314,510,1,15
3005,1269,1010,5,5
3006,1483,126,4,15
3007,1947,745,3,20
3008,461,403,3,5
3009,1401,1177,4,20
3010,40,568,3,5
3011,1515,376,3,5
3012,1052,961,5,25
3013,456,685,4,5
3014,509,1047,1,5
3015,505,41,4,5
3016,568,698,2,25
3017,1840,427,1,5
3018,472,867,3,0
3019,1731,367,2,10
3020,1553,975,3,0
3021,1298,1168,5,10
3022,391,940,2,0
3023,496,472,3,0
3024,664,149,4,0
3025,258,510,2,10
3026,197,59,4,25
3027,184,749,3,10
3028,1095,1022,1,20
3029,1958,547,1,10
3030,312,312,3,10
3031,806,626,1,0
3032,1216,321,3,10
3033,1753,180,2,10
3034,477,1046,1,15
3035,1579,1059,1,20
3036,187,511,3,0
3037,716,458,3,20
3038,1969,521,1,20
3039,1461,964,1,10
3040,1418,1019,3,10
3041,1017,249,4,15
3042,1634,473,2,20
3043,1294,270,3,15
3044,504,36,4,0
3045,1526,841,2,0
3046,1375,1099,3,25
3047,886,487,3,5
3048,19,2,4,15
3049,1925,150,3,0
3050,593,316,1,10
3051,1244,1152,4,20
3052,1657,735,4,20
3053,913,944,1,10
3054,389,442,4,0
3055,1870,1035,1,25
3056,1568,78,1,0
3057,162,583,4,25
3058,197,103,2,20
3059,305,995,5,20
3060,1026,1142,1,20
3061,1217,425,1,10
3062,1637,801,1,15
3063,1922,498,5,20
3064,234,835,5,15
3065,1450,1098,3,0
3066,1081,724,4,20
3067,94,718,1,25
3068,1211,782,3,15
3069,1554,1141,5,5
3070,779,981,2,20
3071,71,25,4,5
3072,1464,1000,2,0
3073,1483,1135,1,25
3074,1370,595,4,5
3075,1295,396,4,5
3076,721,861,3,0
3077,955,1057,2,25
3078,1484,59,5,5
3079,102,820,5,15
3080,1951,1066,5,20
3081,1288,1167,3,0
3082,1314,523,3,10
3083,1245,1124,2,15
3084,946,163,3,15
3085,985,540,5,0
3086,1933,891,4,20
3087,1055,856,4,10
3088,141,1150,3,15
3089,1830,207,1,15
3090,624,726,4,0
3091,720,749,4,5
3092,622,510,1,20
3093,100,899,2,20
3094,1909,301,1,25
3095,67,276,3,20
3096,1710,709,4,10
3097,1554,439,2,15
3098,1441,977,4,5
3099,38,410,1,15
3100,1015,1142,4,0
3101,1213,330,4,0
3102,761,580,5,15
3103,1379,315,1,0
3104,295,538,1,5
3105,1954,768,3,10
3106,658,49,1,10
3107,606,65,5,25
3108,1475,75,5,20
3109,1881,1128,2,20
3110,1734,1016,4,25
3111,939,486,5,20
3112,980,277,3,15
3113,200,803,2,0
3114,415,578,2,20
3115,451,122,1,0
3116,1189,163,3,5
3117,641,323,5,10
3118,1267,463,1,15
3119,1417,570,1,15
3120,1164,1160,4,10
3121,556,847,4,5
3122,1049,1017,2,10
3123,205,1069,5,15
3124,322,298,3,5
3125,927,671,4,0
3126,9,340,2,5
3127,77,266,2,10
3128,80,763,4,25
3129,959,925,1,5
3130,737,162,3,20
3131,1155,90,3,0
3132,1891,1058,2,20
3133,1808,25,3,0
3134,846,825,4,0
3135,1454,1111,1,5
3136,446,1187,2,15
3137,1080,1134,3,10
3138,996,69,5,20
3139,782,397,4,0
3140,669,288,4,15
3141,1253,662,5,10
3142,621,621,2,0
3143,297,328,3,25
3144,1138,306,3,20
3145,1115,805,2,25
3146,145,501,4,5
3147,947,158,3,10
3148,86,464,1,0
3149,1871,1092,1,25
3150,313,779,4,25
3151,1203,250,3,0
3152,1238,510,5,15
3153,14,785,1,0
3154,541,931,1,20
3155,1163,255,1,20
3156,1648,257,3,15
3157,1959,293,3,25
3158,996,839,5,20
3159,1371,433,3,0
3160,1985,93,2,10
3161,161,576,1,5
3162,1548,143,5,0
3163,228,1152,1,10
3164,20,701,1,25
3165,1442,475,2,10
3166,1303,238,4,20
3167,1370,5,3,10
3168,923,79,5,10
3169,849,3,5,25
3170,563,98,4,15
3171,205,607,5,15
3172,1079,436,1,0
3173,406,215,3,10
3174,1563,799,3,10
3175,971,257,2,15
3176,672,968,5,10
3177,1620,112,4,25
3178,549,56,2,5
3179,1757,922,3,10
3180,1267,1190,5,20
3181,922,8,5,5
3182,506,219,2,15
3183,1532,592,1,5
3184,1671,829,3,0
3185,9,790,1,5
3186,344,874,4,10
3187,479,134,5,0
3188,713,1002,4,5
3189,180,75,1,0
3190,1094,832,3,10
3191,834,194,2,10
3192,463,812,1,15
3193,1907,592,1,0
3194,576,903,3,20
3195,820,951,5,10
3196,1796,1150,4,25
3197,1303,1196,5,20
3198,557,1042,3,20
3199,143,958,1,25
3200,505,831,1,0
3201,110,934,4,0
3202,1544,148,4,15
3203,1945,455,4,10
3204,1176,635,5,5
3205,1657,414,1,15
3206,1081,212,1,0
3207,906,219,5,25
3208,1555,867,1,0
3209,570,49,2,0
3210,549,587,3,0
3211,1935,731,3,20
3212,867,917,3,5
3213,476,478,5,10
3214,1360,1157,4,25
3215,1896,702,3,5
3216,469,1163,1,15
3217,1590,55,2,25
3218,480,738,2,0
3219,1795,114,3,20
3220,1423,1200,5,5
3221,788,828,3,5
3222,1474,791,1,25
3223,1257,979,4,5
3224,213,931,2,20
3225,1780,622,4,25
3226,1870,317,3,20
3227,1015,312,2,25
3228,1663,1148,3,20
3229,771,675,2,20
3230,315,982,4,20
3231,929,190,3,25
3232,161,495,3,20
3233,412,255,4,20
3234,800,902,1,15
3235,13,749,3,20
3236,1313,208,4,5
3237,1690,655,4,20
3238,257,243,1,15
3239,280,695,1,15
3240,1429,1142,5,5
3241,1914,760,3,15
3242,620,821,2,20
3243,1096,918,1,0
3244,1923,607,3,10
3245,996,11,2,20
3246,1470,487,3,25
3247,271,974,1,25
3248,1108,810,4,25
3249,1195,310,3,10
3250,259,113,3,0
3251,1273,356,4,0
3252,15,99,1,0
3253,1367,114,1,10
3254,869,152,4,0
3255,1733,1199,4,5
3256,1151,529,3,25
3257,1277,1054,1,5
3258,1941,180,2,0
3259,97,1139,5,5
3260,1342,396,5,10
3261,1364,769,5,20
3262,105,1149,4,15
3263,262,403,2,0
3264,126,541,3,20
3265,256,1012,4,25
3266,502,846,3,10
3267,1485,859,1,20
3268,284,259,1,20
3269,1121,279,2,0
3270,842,437,1,20
3271,1490,815,3,0
3272,985,788,1,25
3273,1290,458,1,5
3274,389,847,3,0
3275,1414,894,5,5
3276,868,1038,2,10
3277,1870,136,4,15
3278,890,561,1,5
3279,302,462,5,25
3280,139,1171,2,25
3281,368,704,2,20
3282,306,824,4,0
3283,359,780,5,5
3284,945,1195,3,20
3285,1733,1163,3,5
3286,1918,382,3,5
3287,1858,849,3,10
3288,618,1066,3,5
3289,1642,880,5,15
3290,1039,232,1,0
3291,634,456,2,0
3292,873,528,1,20
3293,1450,1065,1,10
3294,1151,1024,4,0
3295,1723,684,3,25
3296,713,115,4,25
3297,1821,342,4,20
3298,981,107,2,10
3299,1182,201,2,0
3300,1461,546,4,5
3301,959,345,1,15
3302,366,813,4,25
3303,47,444,2,5
3304,664,1042,3,0
3305,1097,14,2,20
3306,655,706,5,20
3307,1163,1003,4,5
3308,1478,933,5,5
3309,1233,736,4,20
3310,647,710,1,20
3311,1970,300,3,25
3312,925,552,1,0
3313,132,982,2,15
3314,1973,934,1,5
3315,1456,1081,4,5
3316,1969,728,4,25
3317,949,883,1,0
3318,329,748,5,10
3319,1496,329,2,5
3320,63,30,5,0
3321,741,815,2,0
3322,1522,1041,2,20
3323,1975,341,3,25
3324,1145,286,5,15
3325,458,351,1,0
3326,1819,967,5,20
3327,416,171,2,25
3328,904,471,4,10
3329,1562,596,5,10
3330,306,377,1,15
3331,274,14,1,20
3332,920,47,5,10
3333,283,1116,4,10
3334,1700,143,4,25
3335,1468,329,4,20
3336,1430,881,2,25
3337,811,669,1,5
3338,1280,671,3,10
3339,188,40,1,10
3340,1813,166,1,20
3341,236,622,5,10
3342,1455,264,2,15
3343,1797,355,2,25
3344,98,27,2,15
3345,22,926,2,5
3346,493,660,1,5
3347,1528,1084,2,0
3348,1445,390,3,25
3349,292,563,2,15
3350,678,420,5,0
3351,891,1174,2,20
3352,62,230,4,25
3353,812,453,1,15
3354,1721,874,5,15
3355,1713,1144,4,25
3356,1385,626,1,5
3357,423,3,3,10
3358,571,518,1,0
3359,798,204,4,15
3360,541,1189,4,0
3361,63,1120,3,10
3362,1616,679,5,0
3363,205,675,1,15
3364,834,614,2,20
3365,1937,846,2,20
3366,8,266,3,0
3367,244,735,1,10
3368,1676,38,5,15
3369,1261,1174,4,0
3370,1497,400,1,10
3371,1714,333,3,10
3372,328,501,2,5
3373,1354,1132,1,10
3374,1031,1123,2,15
3375,1327,912,3,5
3376,717,556,1,25
3377,1743,627,4,15
3378,358,697,2,20
3379,746,96,1,0
3380,238,676,2,10
3381,655,1038,4,5
3382,949,913,5,20
3383,1103,363,4,0
3384,453,169,4,10
3385,1089,39,2,0
3386,522,735,5,20
3387,15,965,1,20
3388,885,139,3,5
3389,365,451,3,25
3390,673,605,3,20
3391,1801,371,1,10
3392,1509,723,5,15
3393,908,658,4,15
3394,1228,181,1,25
3395,386,920,5,20
3396,458,38,3,10
3397,958,844,2,15
3398,1791,513,3,25
3399,214,180,4,0
3400,1126,1168,3,20
3401,1169,952,1,0
3402,1799,714,2,5
3403,239,421,2,15
3404,1453,1069,5,15
3405,125,16,5,5
3406,558,940,4,25
3407,1533,145,2,25
3408,1040,1184,5,20
3409,1265,466,1,25
3410,1886,1016,3,15
3411,1849,217,1,25
3412,505,1172,5,25
3413,982,1183,5,5
3414,956,216,3,25
3415,807,100,2,5
3416,1067,995,5,20
3417,1386,723,2,20
3418,749,1149,5,20
3419,813,1050,1,20
3420,1584,529,2,20
3421,958,811,2,0
3422,1458,1165,1,25
3423,9,964,2,15
3424,1203,583,5,20
3425,1253,609,3,10
3426,948,518,3,10
3427,226,89,4,15
3428,1191,349,4,5
3429,790,704,3,25
3430,476,610,4,10
3431,1164,224,4,0
3432,1919,531,2,10
3433,1188,1056,2,20
3434,1057,675,5,25
3435,111,947,5,25
3436,1604,1173,4,10
3437,1037,644,4,20
3438,1549,457,4,10
3439,854,1131,1,15
3440,977,1078,3,5
3441,628,80,4,25
3442,432,117,4,25
3443,1373,201,4,15
3444,1961,795,1,25
3445,1305,396,3,25
3446,53,6,4,20
3447,1095,447,4,20
3448,321,305,2,5
3449,1466,1027,3,10
3450,28,484,2,15
3451,1192,697,2,20
3452,683,89,2,5
3453,179,284,4,10
3454,401,325,4,5
3455,643,678,1,10
3456,1277,923,2,10
3457,1217,110,2,5
3458,1984,263,2,10
3459,988,998,1,10
3460,869,676,1,20
3461,498,732,3,10
3462,706,925,1,5
3463,76,84,4,0
3464,964,516,1,5
3465,857,634,3,10
3466,1155,562,4,15
3467,228,328,1,20
3468,1155,511,5,0
3469,1960,303,4,25
3470,1500,30,4,10
3471,61,897,4,0
3472,1856,316,2,5
3473,1857,1109,2,25
3474,1455,55,3,15
3475,607,581,4,20
3476,1424,723,2,25
3477,9,526,3,10
3478,664,697,5,10
3479,105,259,4,5
3480,1446,682,4,0
3481,1024,1021,4,20
3482,1241,639,2,5
3483,1324,281,4,15
3484,1757,393,5,25
3485,1231,127,3,25
3486,1687,842,1,0
3487,1065,365,2,15
3488,1159,773,2,15
3489,1823,1153,1,5
3490,1940,377,2,0
3491,1156,910,3,10
3492,1386,48,4,0
3493,938,77,4,25
3494,1923,947,1,25
3495,138,698,1,5
3496,80,115,2,20
3497,1738,428,3,10
3498,1253,68,4,15
3499,1228,975,2,0
3500,784,374,1,20
