ReturnID,OrderID,ProductID,ReturnReason,ReturnDate,RefundAmount
1,373,445,Wrong Item,2025-02-26 16:33:10.639136,15152
2,66,581,Size Issue,2024-11-17 16:33:10.639136,12021
3,744,241,Size Issue,2024-09-14 16:33:10.639136,8976
4,1785,595,Wrong Item,2024-05-15 16:33:10.639136,2639
5,216,957,Size Issue,2024-11-16 16:33:10.639136,18969
6,543,601,Size Issue,2025-06-22 16:33:10.639136,9564
7,342,166,Size Issue,2024-08-20 16:33:10.639136,9938
8,776,487,Damaged,2025-02-28 16:33:10.639136,2544
9,331,228,Damaged,2025-04-11 16:33:10.639136,9049
10,1541,1006,Wrong Item,2024-11-02 16:33:10.639136,12794
11,591,365,Late Delivery,2024-08-14 16:33:10.639136,8396
12,904,419,Size Issue,2024-09-25 16:33:10.639136,17411
13,1807,1016,Size Issue,2025-12-10 16:33:10.639136,18775
14,1663,243,Size Issue,2024-10-21 16:33:10.639136,168
15,126,952,Size Issue,2024-06-20 16:33:10.639136,8655
16,755,155,Wrong Item,2024-11-29 16:33:10.639136,15832
17,1810,1165,Wrong Item,2026-01-22 16:33:10.639136,7787
18,100,696,Late Delivery,2025-09-12 16:33:10.639136,5720
19,533,665,Wrong Item,2024-05-07 16:33:10.639136,942
20,1484,1031,Damaged,2024-07-11 16:33:10.639136,8324
21,829,615,Wrong Item,2025-06-22 16:33:10.639136,17633
22,1311,787,Wrong Item,2024-12-30 16:33:10.639136,6836
23,1526,98,Damaged,2024-11-20 16:33:10.639136,13723
24,28,872,Late Delivery,2025-10-15 16:33:10.639136,12855
25,234,55,Late Delivery,2025-10-20 16:33:10.639136,13640
26,497,914,Size Issue,2025-11-01 16:33:10.639136,3456
27,1805,302,Damaged,2025-08-03 16:33:10.639136,16191
28,1225,76,Late Delivery,2025-01-30 16:33:10.639136,393
29,870,159,Size Issue,2025-05-12 16:33:10.639136,2836
30,717,1191,Damaged,2024-06-02 16:33:10.639136,3621
31,1845,338,Size Issue,2024-02-21 16:33:10.639136,4647
32,1490,392,Damaged,2025-04-19 16:33:10.639136,1545
33,4,521,Damaged,2024-08-28 16:33:10.639136,15848
34,339,1143,Late Delivery,2025-07-26 16:33:10.639136,7532
35,1309,274,Damaged,2024-08-13 16:33:10.639136,2068
36,1135,801,Damaged,2024-11-15 16:33:10.639136,18056
37,605,289,Size Issue,2024-03-27 16:33:10.639136,15241
38,1267,810,Late Delivery,2025-11-12 16:33:10.639136,19908
39,1668,928,Size Issue,2024-08-04 16:33:10.639136,1162
40,1908,127,Damaged,2024-12-07 16:33:10.639136,2877
41,570,553,Wrong Item,2024-11-08 16:33:10.639136,12953
42,29,975,Wrong Item,2025-07-03 16:33:10.639136,5656
43,506,1093,Late Delivery,2024-04-28 16:33:10.639136,11698
44,1186,755,Wrong Item,2025-08-03 16:33:10.639136,10653
45,1516,560,Late Delivery,2025-01-15 16:33:10.639136,15518
46,1429,895,Wrong Item,2025-07-04 16:33:10.639136,16609
47,350,471,Damaged,2025-02-01 16:33:10.639136,10401
48,1022,979,Late Delivery,2025-12-25 16:33:10.639136,19787
49,1314,1095,Wrong Item,2025-03-24 16:33:10.639136,14635
50,890,33,Late Delivery,2025-01-03 16:33:10.639136,3367
51,83,756,Wrong Item,2025-10-30 16:33:10.639136,9032
52,1495,1097,Damaged,2025-01-08 16:33:10.639136,245
53,1581,575,Wrong Item,2025-09-24 16:33:10.639136,1924
54,1998,485,Size Issue,2025-05-08 16:33:10.639136,932
55,1792,274,Size Issue,2025-09-05 16:33:10.639136,13528
56,1268,785,Late Delivery,2024-03-05 16:33:10.639136,13834
57,434,732,Size Issue,2026-01-11 16:33:10.639136,15435
58,1858,805,Damaged,2025-06-30 16:33:10.639136,10803
59,1732,168,Wrong Item,2024-05-18 16:33:10.639136,1965
60,182,1025,Size Issue,2024-06-30 16:33:10.639136,12860
61,339,281,Late Delivery,2025-01-02 16:33:10.639136,9462
62,1874,213,Damaged,2024-07-01 16:33:10.639136,9190
63,708,1193,Size Issue,2024-04-21 16:33:10.639136,16540
64,715,480,Size Issue,2025-04-09 16:33:10.639136,12338
65,493,689,Wrong Item,2024-11-28 16:33:10.639136,8101
66,964,929,Size Issue,2024-03-28 16:33:10.639136,14755
67,1481,855,Size Issue,2025-01-14 16:33:10.639136,15132
68,1836,458,Late Delivery,2024-11-03 16:33:10.639136,18454
69,1664,723,Wrong Item,2025-01-22 16:33:10.639136,2591
70,350,350,Size Issue,2025-09-05 16:33:10.639136,9617
71,859,938,Damaged,2024-05-13 16:33:10.639136,16214
72,1650,665,Wrong Item,2024-07-29 16:33:10.639136,15838
73,1207,359,Size Issue,2025-09-17 16:33:10.639136,14128
74,672,332,Wrong Item,2025-11-19 16:33:10.639136,13122
75,1017,522,Damaged,2024-07-13 16:33:10.639136,2073
76,1680,459,Size Issue,2024-11-20 16:33:10.639136,1346
77,897,2,Damaged,2025-09-14 16:33:10.639136,8692
78,1556,184,Size Issue,2025-09-25 16:33:10.639136,2791
79,1928,264,Size Issue,2024-07-14 16:33:10.639136,13693
80,1156,656,Late Delivery,2025-01-11 16:33:10.639136,7354
81,1715,1113,Size Issue,2024-04-29 16:33:10.639136,6709
82,1384,988,Late Delivery,2026-02-10 16:33:10.639136,8215
83,684,330,Size Issue,2025-04-21 16:33:10.639136,2404
84,640,268,Late Delivery,2024-08-08 16:33:10.639136,813
85,556,122,Size Issue,2024-07-12 16:33:10.639136,834
86,815,504,Wrong Item,2024-11-14 16:33:10.639136,13456
87,157,142,Late Delivery,2025-08-10 16:33:10.639136,16353
88,387,920,Wrong Item,2025-08-05 16:33:10.639136,5983
89,1333,784,Size Issue,2025-10-28 16:33:10.639136,6279
90,1350,448,Damaged,2024-12-08 16:33:10.639136,3455
91,1458,136,Late Delivery,2024-05-16 16:33:10.639136,12702
92,99,503,Wrong Item,2026-01-12 16:33:10.639136,7682
93,126,1034,Size Issue,2024-12-13 16:33:10.639136,9319
94,178,1084,Size Issue,2024-10-31 16:33:10.639136,13850
95,1337,881,Damaged,2025-12-30 16:33:10.639136,6022
96,1387,33,Wrong Item,2024-05-18 16:33:10.639136,7391
97,966,1134,Damaged,2024-07-30 16:33:10.639136,2289
98,65,1189,Wrong Item,2025-04-19 16:33:10.639136,16009
99,1485,847,Late Delivery,2025-06-01 16:33:10.639136,15297
100,932,492,Late Delivery,2025-02-03 16:33:10.639136,15046
101,774,638,Size Issue,2025-02-09 16:33:10.639136,9890
102,678,120,Wrong Item,2024-11-01 16:33:10.639136,16623
103,227,678,Size Issue,2024-09-12 16:33:10.639136,11838
104,1581,228,Damaged,2024-04-10 16:33:10.639136,4678
105,782,419,Size Issue,2025-03-05 16:33:10.639136,6831
106,482,101,Wrong Item,2024-09-02 16:33:10.639136,8275
107,387,169,Wrong Item,2025-02-26 16:33:10.639136,2388
108,638,1066,Size Issue,2025-01-28 16:33:10.639136,1033
109,952,47,Wrong Item,2025-03-10 16:33:10.639136,8305
110,36,886,Wrong Item,2025-04-26 16:33:10.639136,565
111,790,902,Size Issue,2024-06-06 16:33:10.639136,10580
112,1295,253,Size Issue,2024-12-28 16:33:10.639136,16714
113,978,895,Wrong Item,2024-06-07 16:33:10.639136,13864
114,1965,586,Wrong Item,2024-11-06 16:33:10.639136,4550
115,929,1186,Late Delivery,2024-10-31 16:33:10.639136,1886
116,357,1195,Size Issue,2024-04-13 16:33:10.639136,14412
117,1161,671,Late Delivery,2024-08-09 16:33:10.639136,11400
118,344,69,Wrong Item,2024-10-10 16:33:10.639136,11936
119,1039,423,Late Delivery,2025-06-06 16:33:10.639136,3758
120,330,767,Wrong Item,2025-08-21 16:33:10.639136,8766
121,1087,1146,Damaged,2025-10-16 16:33:10.639136,19415
122,1954,615,Size Issue,2024-05-13 16:33:10.639136,12685
123,1390,684,Damaged,2026-02-11 16:33:10.639136,19235
124,566,643,Late Delivery,2025-12-22 16:33:10.639136,9707
125,612,886,Size Issue,2025-01-13 16:33:10.639136,4831
126,488,1197,Damaged,2024-03-20 16:33:10.639136,8548
127,149,759,Wrong Item,2024-12-25 16:33:10.639136,5218
128,1795,1078,Late Delivery,2025-07-10 16:33:10.639136,17740
129,749,677,Size Issue,2025-07-08 16:33:10.639136,405
130,1613,142,Late Delivery,2025-07-02 16:33:10.639136,19731
131,1408,710,Damaged,2024-06-25 16:33:10.639136,9971
132,770,925,Damaged,2025-11-10 16:33:10.639136,7587
133,868,1004,Wrong Item,2025-12-07 16:33:10.639136,11362
134,1851,92,Wrong Item,2025-07-18 16:33:10.639136,1012
135,118,635,Damaged,2025-06-05 16:33:10.639136,15945
136,1844,67,Late Delivery,2024-10-23 16:33:10.639136,8942
137,1436,868,Damaged,2026-01-08 16:33:10.639136,8232
138,217,848,Damaged,2024-10-02 16:33:10.639136,9867
139,26,999,Wrong Item,2026-01-20 16:33:10.639136,2977
140,790,550,Size Issue,2025-06-25 16:33:10.639136,10704
141,1727,364,Late Delivery,2025-02-06 16:33:10.639136,9556
142,1327,367,Wrong Item,2024-06-26 16:33:10.639136,18500
143,1546,819,Late Delivery,2026-01-22 16:33:10.639136,16553
144,694,185,Size Issue,2026-01-15 16:33:10.639136,1811
145,867,802,Damaged,2025-02-08 16:33:10.639136,11849
146,1522,959,Damaged,2026-01-28 16:33:10.639136,10752
147,748,852,Late Delivery,2024-05-11 16:33:10.639136,13907
148,850,1147,Size Issue,2024-04-03 16:33:10.639136,18635
149,491,862,Wrong Item,2025-03-22 16:33:10.639136,8320
150,835,29,Size Issue,2025-09-23 16:33:10.639136,12240
151,643,245,Late Delivery,2024-06-17 16:33:10.639136,2451
152,449,425,Size Issue,2025-04-19 16:33:10.639136,6256
153,384,270,Size Issue,2025-03-05 16:33:10.639136,2545
154,1047,305,Size Issue,2025-03-29 16:33:10.639136,19989
155,828,138,Wrong Item,2024-05-12 16:33:10.639136,4861
156,1314,880,Late Delivery,2025-01-03 16:33:10.639136,18385
157,1720,795,Late Delivery,2025-09-07 16:33:10.639136,10067
158,1077,987,Late Delivery,2024-09-08 16:33:10.639136,2894
159,1171,871,Wrong Item,2024-04-18 16:33:10.639136,11487
160,332,1014,Damaged,2024-11-11 16:33:10.639136,6813
161,797,1169,Wrong Item,2024-08-21 16:33:10.639136,11488
162,1667,1154,Damaged,2025-04-26 16:33:10.639136,8306
163,273,482,Damaged,2024-06-21 16:33:10.639136,4495
164,989,577,Late Delivery,2025-10-11 16:33:10.639136,427
165,227,1000,Late Delivery,2024-09-14 16:33:10.639136,3636
166,1543,186,Late Delivery,2024-10-25 16:33:10.639136,15392
167,1398,35,Size Issue,2026-01-02 16:33:10.639136,11434
168,464,796,Damaged,2025-04-24 16:33:10.639136,5012
169,356,395,Damaged,2025-04-17 16:33:10.639136,6278
170,714,855,Late Delivery,2024-09-17 16:33:10.639136,11660
171,1005,932,Size Issue,2025-03-25 16:33:10.639136,9580
172,341,1067,Size Issue,2024-04-25 16:33:10.639136,161
173,1637,611,Damaged,2026-02-14 16:33:10.639136,1257
174,445,327,Late Delivery,2024-09-14 16:33:10.639136,705
175,447,262,Size Issue,2025-08-08 16:33:10.639136,5805
176,1453,911,Size Issue,2026-01-30 16:33:10.639136,12582
177,424,666,Wrong Item,2026-01-18 16:33:10.639136,7612
178,1612,700,Late Delivery,2024-05-11 16:33:10.639136,3898
179,1141,1055,Wrong Item,2024-03-03 16:33:10.639136,8057
180,1710,1107,Damaged,2026-01-22 16:33:10.639136,14166
181,1756,1194,Size Issue,2025-07-20 16:33:10.639136,13635
182,1980,285,Damaged,2025-09-16 16:33:10.639136,11072
183,410,132,Damaged,2024-05-25 16:33:10.639136,5460
184,1030,161,Late Delivery,2025-06-29 16:33:10.639136,19855
185,62,429,Late Delivery,2025-04-28 16:33:10.639136,12713
186,806,469,Late Delivery,2025-12-16 16:33:10.639136,10052
187,984,359,Damaged,2025-12-15 16:33:10.639136,8169
188,325,849,Size Issue,2025-10-06 16:33:10.639136,16989
189,574,689,Damaged,2024-09-03 16:33:10.639136,6688
190,1401,1007,Damaged,2024-08-14 16:33:10.639136,19800
191,570,64,Wrong Item,2025-07-05 16:33:10.639136,11936
192,448,707,Wrong Item,2026-01-01 16:33:10.639136,3627
193,1352,412,Wrong Item,2026-02-15 16:33:10.639136,8322
194,1515,703,Wrong Item,2026-01-24 16:33:10.639136,14787
195,1952,676,Late Delivery,2025-05-26 16:33:10.639136,3315
196,1193,702,Damaged,2024-10-31 16:33:10.639136,1886
197,757,825,Late Delivery,2025-09-09 16:33:10.639136,2118
198,935,138,Wrong Item,2026-02-05 16:33:10.639136,13142
199,676,311,Size Issue,2025-11-17 16:33:10.639136,9671
200,1630,1110,Damaged,2025-07-15 16:33:10.639136,11750
201,328,1035,Wrong Item,2025-07-22 16:33:10.639136,16575
202,1843,347,Damaged,2026-02-18 16:33:10.639136,2519
203,672,248,Size Issue,2025-10-12 16:33:10.639136,15396
204,905,1018,Late Delivery,2024-11-19 16:33:10.639136,18920
205,183,504,Late Delivery,2024-05-15 16:33:10.639136,13476
206,1756,721,Late Delivery,2025-04-17 16:33:10.639136,11450
207,282,1041,Wrong Item,2024-07-05 16:33:10.639136,12772
208,223,1163,Size Issue,2025-12-22 16:33:10.639136,8911
209,1451,1155,Damaged,2024-07-02 16:33:10.639136,18539
210,625,1151,Size Issue,2025-10-05 16:33:10.639136,9815
211,389,525,Size Issue,2025-06-02 16:33:10.639136,15837
212,1708,839,Late Delivery,2024-05-07 16:33:10.639136,7889
213,1882,1111,Late Delivery,2025-02-04 16:33:10.639136,11239
214,34,70,Damaged,2026-02-02 16:33:10.639136,12142
215,1218,710,Late Delivery,2025-05-18 16:33:10.639136,16994
216,385,291,Wrong Item,2025-09-18 16:33:10.639136,12047
217,1965,386,Late Delivery,2024-03-05 16:33:10.639136,3934
218,1187,584,Damaged,2024-07-25 16:33:10.639136,15162
219,63,851,Late Delivery,2024-06-06 16:33:10.639136,18513
220,1588,671,Wrong Item,2025-04-13 16:33:10.639136,1225
221,1445,1088,Late Delivery,2025-08-19 16:33:10.639136,1462
222,1918,898,Wrong Item,2024-02-19 16:33:10.639136,4682
223,60,458,Wrong Item,2025-09-04 16:33:10.639136,18093
224,206,137,Wrong Item,2024-03-01 16:33:10.639136,19034
225,1266,875,Late Delivery,2025-06-21 16:33:10.639136,14144
226,451,908,Wrong Item,2024-03-07 16:33:10.639136,6632
227,1325,909,Wrong Item,2024-12-17 16:33:10.639136,8299
228,1031,459,Late Delivery,2025-02-23 16:33:10.639136,13879
229,990,2,Late Delivery,2025-12-05 16:33:10.639136,3397
230,1187,6,Size Issue,2025-04-09 16:33:10.639136,10781
231,1005,588,Wrong Item,2025-10-14 16:33:10.639136,13470
232,1002,980,Damaged,2025-01-09 16:33:10.639136,8640
233,801,923,Wrong Item,2025-10-26 16:33:10.639136,8095
234,156,804,Size Issue,2025-10-22 16:33:10.639136,284
235,1210,700,Size Issue,2025-04-29 16:33:10.639136,18114
236,1339,1091,Late Delivery,2024-10-22 16:33:10.639136,1740
237,1547,725,Late Delivery,2025-08-18 16:33:10.639136,4180
238,120,330,Size Issue,2024-09-23 16:33:10.639136,3197
239,280,361,Late Delivery,2025-04-23 16:33:10.639136,4287
240,648,558,Late Delivery,2025-07-23 16:33:10.639136,1695
241,1406,67,Size Issue,2025-07-31 16:33:10.639136,1795
242,627,29,Damaged,2024-12-15 16:33:10.639136,12751
243,251,647,Late Delivery,2024-03-03 16:33:10.639136,1439
244,53,145,Damaged,2024-03-25 16:33:10.639136,14870
245,430,1064,Size Issue,2024-11-08 16:33:10.639136,12961
246,904,475,Size Issue,2025-07-11 16:33:10.639136,9375
247,500,824,Wrong Item,2025-09-28 16:33:10.639136,1162
248,1136,566,Damaged,2024-09-21 16:33:10.639136,3616
249,1177,1088,Size Issue,2025-09-30 16:33:10.639136,12485
250,1020,139,Wrong Item,2024-07-14 16:33:10.639136,3678
251,412,28,Size Issue,2024-12-15 16:33:10.639136,4223
252,1910,1110,Size Issue,2025-12-20 16:33:10.639136,5839
253,735,139,Damaged,2024-05-17 16:33:10.639136,19201
254,1344,86,Wrong Item,2025-02-14 16:33:10.639136,19798
255,615,30,Size Issue,2024-08-07 16:33:10.639136,19020
256,579,130,Wrong Item,2025-01-05 16:33:10.639136,18604
257,919,75,Wrong Item,2024-07-10 16:33:10.639136,8190
258,1143,1111,Late Delivery,2026-01-14 16:33:10.639136,13821
259,959,798,Late Delivery,2024-03-27 16:33:10.639136,12789
260,1703,339,Size Issue,2024-05-01 16:33:10.639136,6719
261,1600,635,Damaged,2025-12-13 16:33:10.639136,7061
262,1156,964,Wrong Item,2025-08-18 16:33:10.639136,15210
263,588,595,Wrong Item,2024-03-11 16:33:10.639136,17403
264,205,1046,Wrong Item,2025-04-11 16:33:10.639136,7925
265,330,1165,Wrong Item,2025-11-28 16:33:10.639136,14770
266,1446,18,Wrong Item,2025-03-19 16:33:10.639136,12613
267,497,1045,Wrong Item,2024-02-23 16:33:10.639136,15563
268,251,714,Size Issue,2025-09-13 16:33:10.639136,2716
269,1129,668,Damaged,2024-10-03 16:33:10.639136,7415
270,1690,216,Damaged,2025-06-14 16:33:10.639136,16790
271,850,116,Size Issue,2025-05-12 16:33:10.639136,14815
272,832,927,Late Delivery,2024-05-02 16:33:10.639136,19528
273,280,1145,Wrong Item,2024-03-24 16:33:10.639136,7560
274,121,320,Late Delivery,2025-01-11 16:33:10.639136,14447
275,553,69,Size Issue,2025-07-18 16:33:10.639136,6185
276,488,27,Wrong Item,2025-04-21 16:33:10.639136,524
277,775,897,Late Delivery,2025-08-14 16:33:10.639136,15899
278,227,348,Size Issue,2025-10-22 16:33:10.639136,15571
279,1357,359,Late Delivery,2025-01-15 16:33:10.639136,11293
280,1538,954,Damaged,2024-08-30 16:33:10.639136,13366
281,578,1181,Late Delivery,2025-06-21 16:33:10.639136,8579
282,1430,745,Damaged,2026-01-30 16:33:10.639136,10231
283,648,469,Late Delivery,2025-02-17 16:33:10.639136,5922
284,728,909,Size Issue,2024-12-19 16:33:10.639136,17080
285,1090,300,Size Issue,2024-07-10 16:33:10.639136,13838
286,1341,1175,Damaged,2026-02-12 16:33:10.639136,3786
287,1672,1067,Size Issue,2024-06-04 16:33:10.639136,3475
288,1678,230,Size Issue,2025-05-07 16:33:10.639136,15708
289,1830,512,Wrong Item,2025-08-28 16:33:10.639136,11382
290,153,655,Late Delivery,2025-05-02 16:33:10.639136,9499
291,1508,862,Late Delivery,2024-03-27 16:33:10.639136,12167
292,124,848,Damaged,2025-11-03 16:33:10.639136,17945
293,415,1033,Wrong Item,2024-04-28 16:33:10.639136,19200
294,458,531,Late Delivery,2025-01-15 16:33:10.639136,2083
295,364,994,Size Issue,2025-07-24 16:33:10.639136,14135
296,106,510,Size Issue,2025-02-05 16:33:10.639136,12447
297,416,494,Wrong Item,2025-08-25 16:33:10.639136,19042
298,309,501,Size Issue,2025-11-18 16:33:10.639136,11882
299,284,572,Size Issue,2025-05-26 16:33:10.639136,1856
300,695,158,Size Issue,2025-01-29 16:33:10.639136,15517
301,1748,1087,Wrong Item,2025-04-06 16:33:10.639136,6403
302,1097,1114,Damaged,2025-12-05 16:33:10.639136,6736
303,1647,341,Size Issue,2026-01-12 16:33:10.639136,4862
304,951,182,Late Delivery,2024-06-10 16:33:10.639136,17314
305,1531,799,Wrong Item,2026-01-23 16:33:10.639136,16852
306,1863,774,Late Delivery,2024-11-01 16:33:10.639136,15874
307,856,369,Wrong Item,2025-11-27 16:33:10.639136,15481
308,51,429,Size Issue,2025-12-17 16:33:10.639136,9245
309,962,1148,Late Delivery,2026-01-30 16:33:10.639136,6175
310,847,1079,Damaged,2025-09-25 16:33:10.639136,6300
311,1881,252,Wrong Item,2024-08-20 16:33:10.639136,18840
312,1949,575,Damaged,2026-02-17 16:33:10.639136,5857
313,1912,457,Wrong Item,2025-07-25 16:33:10.639136,131
314,1776,803,Wrong Item,2025-02-09 16:33:10.639136,7985
315,1404,1188,Size Issue,2024-05-26 16:33:10.639136,16542
316,739,563,Size Issue,2025-03-01 16:33:10.639136,9216
317,132,1105,Wrong Item,2025-01-09 16:33:10.639136,17754
318,1839,1086,Wrong Item,2024-05-16 16:33:10.639136,8661
319,1569,8,Damaged,2024-10-13 16:33:10.639136,11475
320,824,461,Damaged,2024-09-13 16:33:10.639136,5294
321,1035,309,Late Delivery,2025-06-19 16:33:10.639136,6351
322,669,621,Damaged,2024-12-30 16:33:10.639136,14739
323,1187,1120,Late Delivery,2025-02-21 16:33:10.639136,14617
324,206,874,Late Delivery,2025-12-19 16:33:10.639136,4663
325,190,399,Wrong Item,2025-02-28 16:33:10.639136,2055
326,1075,856,Wrong Item,2025-08-24 16:33:10.639136,13462
327,1858,1099,Size Issue,2025-03-20 16:33:10.639136,9673
328,1967,431,Size Issue,2025-05-12 16:33:10.639136,12768
329,104,1073,Wrong Item,2024-09-21 16:33:10.639136,764
330,1181,349,Size Issue,2025-08-29 16:33:10.639136,14497
331,363,1067,Size Issue,2025-03-29 16:33:10.639136,15397
332,1911,438,Late Delivery,2024-09-20 16:33:10.639136,2657
333,813,415,Wrong Item,2024-03-06 16:33:10.639136,18257
334,602,794,Damaged,2024-06-03 16:33:10.639136,15471
335,323,808,Wrong Item,2025-07-29 16:33:10.639136,567
336,483,425,Late Delivery,2025-01-03 16:33:10.639136,1708
337,1056,582,Late Delivery,2024-12-03 16:33:10.639136,18809
338,166,185,Late Delivery,2024-10-21 16:33:10.639136,8427
339,1748,456,Damaged,2024-10-10 16:33:10.639136,3213
340,126,201,Late Delivery,2025-04-15 16:33:10.639136,7796
341,1575,769,Late Delivery,2024-08-20 16:33:10.639136,4808
342,1074,562,Size Issue,2025-01-09 16:33:10.639136,10127
343,149,595,Damaged,2025-08-18 16:33:10.639136,10955
344,930,775,Wrong Item,2024-08-03 16:33:10.639136,18939
345,721,156,Damaged,2025-11-29 16:33:10.639136,160
346,1048,640,Late Delivery,2024-05-10 16:33:10.639136,1292
347,784,850,Damaged,2025-12-25 16:33:10.639136,2070
348,375,798,Damaged,2024-12-18 16:33:10.639136,13824
349,1211,37,Damaged,2025-05-16 16:33:10.639136,8680
350,1255,688,Wrong Item,2025-07-26 16:33:10.639136,3571
351,1862,778,Wrong Item,2025-01-03 16:33:10.639136,9191
352,149,49,Late Delivery,2025-03-23 16:33:10.639136,16208
353,1118,1115,Size Issue,2025-01-11 16:33:10.639136,15521
354,1790,453,Wrong Item,2024-05-06 16:33:10.639136,14209
355,716,115,Wrong Item,2026-01-18 16:33:10.639136,9072
356,314,434,Wrong Item,2025-02-07 16:33:10.639136,8818
357,1521,521,Damaged,2025-06-04 16:33:10.639136,2599
358,1639,139,Damaged,2026-01-22 16:33:10.639136,15306
359,1549,352,Size Issue,2024-03-14 16:33:10.639136,5635
360,500,53,Size Issue,2025-12-04 16:33:10.639136,1097
361,1722,872,Late Delivery,2025-05-19 16:33:10.639136,3189
362,518,1108,Size Issue,2024-10-15 16:33:10.639136,7386
363,1346,408,Damaged,2025-07-14 16:33:10.639136,2740
364,522,933,Size Issue,2025-02-18 16:33:10.639136,8471
365,1507,136,Wrong Item,2025-09-17 16:33:10.639136,18201
366,1424,340,Size Issue,2025-10-03 16:33:10.639136,5925
367,321,12,Wrong Item,2025-07-22 16:33:10.639136,18085
368,148,731,Wrong Item,2024-04-07 16:33:10.639136,16779
369,1202,726,Wrong Item,2024-06-11 16:33:10.639136,14533
370,1788,804,Damaged,2024-06-21 16:33:10.639136,5274
371,855,881,Wrong Item,2025-01-26 16:33:10.639136,1590
372,1743,671,Damaged,2025-06-21 16:33:10.639136,7570
373,1460,279,Size Issue,2025-10-25 16:33:10.639136,2176
374,475,605,Wrong Item,2024-04-14 16:33:10.639136,8195
375,1676,346,Size Issue,2024-04-05 16:33:10.639136,5617
376,997,514,Late Delivery,2024-07-23 16:33:10.639136,7954
377,1150,472,Size Issue,2024-12-17 16:33:10.639136,1649
378,1554,476,Late Delivery,2025-12-07 16:33:10.639136,12977
379,727,527,Wrong Item,2025-10-21 16:33:10.639136,19237
380,1213,545,Wrong Item,2025-09-16 16:33:10.639136,11777
381,1511,1075,Damaged,2024-09-01 16:33:10.639136,7465
382,54,1071,Late Delivery,2025-12-05 16:33:10.639136,8444
383,1682,197,Size Issue,2025-09-10 16:33:10.639136,13582
384,1343,504,Wrong Item,2025-10-15 16:33:10.639136,1633
385,1056,654,Damaged,2025-01-24 16:33:10.639136,1975
386,1545,558,Late Delivery,2025-12-26 16:33:10.639136,3567
387,686,1198,Damaged,2025-01-06 16:33:10.639136,3963
388,1141,257,Wrong Item,2025-06-10 16:33:10.639136,16098
389,349,215,Damaged,2025-11-09 16:33:10.639136,1803
390,990,519,Size Issue,2024-11-08 16:33:10.639136,15518
391,1173,475,Damaged,2026-01-27 16:33:10.639136,2450
392,966,256,Late Delivery,2024-11-02 16:33:10.639136,423
393,61,411,Size Issue,2025-02-18 16:33:10.639136,13026
394,1082,1033,Size Issue,2025-08-14 16:33:10.639136,13080
395,675,997,Wrong Item,2025-06-23 16:33:10.639136,9726
396,1599,570,Late Delivery,2025-04-08 16:33:10.639136,12454
397,1937,11,Late Delivery,2024-07-06 16:33:10.639136,7280
398,807,776,Damaged,2024-12-14 16:33:10.639136,15499
399,540,213,Wrong Item,2024-02-25 16:33:10.639136,18395
400,217,1113,Damaged,2024-09-03 16:33:10.639136,14398
401,1059,432,Wrong Item,2025-02-17 16:33:10.639136,4450
402,1619,1093,Size Issue,2024-02-23 16:33:10.639136,10131
403,443,1190,Wrong Item,2025-02-26 16:33:10.639136,3932
404,824,38,Wrong Item,2025-03-30 16:33:10.639136,10867
405,990,904,Size Issue,2024-07-03 16:33:10.639136,14208
406,858,1149,Size Issue,2025-09-13 16:33:10.639136,1781
407,445,203,Late Delivery,2024-09-07 16:33:10.639136,13219
408,963,1072,Damaged,2025-06-03 16:33:10.639136,10425
409,307,536,Damaged,2024-10-30 16:33:10.639136,11185
410,500,999,Late Delivery,2024-11-19 16:33:10.639136,5235
411,1249,1056,Wrong Item,2025-11-07 16:33:10.639136,7315
412,24,429,Size Issue,2024-10-22 16:33:10.639136,19741
413,751,278,Late Delivery,2024-04-01 16:33:10.639136,17202
414,1339,1101,Size Issue,2024-08-29 16:33:10.639136,6025
415,1229,1145,Late Delivery,2024-10-18 16:33:10.639136,9611
416,1444,62,Damaged,2024-05-15 16:33:10.639136,8421
417,1269,1002,Size Issue,2025-05-30 16:33:10.639136,10882
418,558,1003,Wrong Item,2026-01-07 16:33:10.639136,14830
419,1754,949,Damaged,2024-11-27 16:33:10.639136,19382
420,1952,82,Late Delivery,2025-06-02 16:33:10.639136,17598
421,139,635,Size Issue,2025-03-23 16:33:10.639136,11122
422,1178,982,Late Delivery,2024-10-14 16:33:10.639136,12713
423,193,65,Wrong Item,2026-01-22 16:33:10.639136,8318
424,44,703,Late Delivery,2024-09-16 16:33:10.639136,13255
425,1109,1189,Damaged,2024-04-11 16:33:10.639136,17102
426,1773,42,Size Issue,2024-06-10 16:33:10.639136,16382
427,1980,643,Late Delivery,2025-11-19 16:33:10.639136,9206
428,1824,440,Damaged,2025-06-18 16:33:10.639136,5393
429,1649,214,Late Delivery,2025-12-27 16:33:10.639136,14974
430,1643,140,Late Delivery,2025-10-01 16:33:10.639136,19373
431,207,793,Size Issue,2025-07-21 16:33:10.639136,15258
432,371,475,Late Delivery,2024-10-29 16:33:10.639136,10199
433,1564,144,Damaged,2024-03-22 16:33:10.639136,8740
434,1102,680,Late Delivery,2025-09-10 16:33:10.639136,13848
435,921,227,Wrong Item,2025-03-19 16:33:10.639136,10837
436,1658,978,Wrong Item,2025-09-03 16:33:10.639136,2284
437,1134,295,Damaged,2024-08-07 16:33:10.639136,16174
438,1553,1152,Size Issue,2025-12-14 16:33:10.639136,5493
439,529,1183,Damaged,2025-11-19 16:33:10.639136,13349
440,53,1086,Size Issue,2024-05-31 16:33:10.639136,11492
441,1388,1148,Size Issue,2025-03-01 16:33:10.639136,6434
442,953,465,Damaged,2026-02-11 16:33:10.639136,9212
443,440,934,Late Delivery,2024-09-14 16:33:10.639136,4162
444,1085,658,Size Issue,2025-09-20 16:33:10.639136,13323
445,1989,1012,Damaged,2025-07-07 16:33:10.639136,4138
446,892,524,Size Issue,2025-09-01 16:33:10.639136,3228
447,555,626,Damaged,2024-02-23 16:33:10.639136,2036
448,1529,557,Damaged,2025-05-19 16:33:10.639136,12210
449,841,93,Wrong Item,2024-10-20 16:33:10.639136,4131
450,105,866,Size Issue,2024-03-31 16:33:10.639136,14666
451,1575,996,Wrong Item,2025-10-09 16:33:10.639136,13571
452,1074,331,Wrong Item,2025-09-16 16:33:10.639136,16592
453,1356,677,Size Issue,2024-07-25 16:33:10.639136,14958
454,1893,423,Size Issue,2024-11-09 16:33:10.639136,19390
455,1457,995,Wrong Item,2025-03-08 16:33:10.639136,3865
456,1633,984,Wrong Item,2025-04-14 16:33:10.639136,13464
457,1293,659,Size Issue,2025-05-20 16:33:10.639136,12100
458,1042,946,Wrong Item,2026-01-01 16:33:10.639136,15970
459,1864,138,Damaged,2026-02-05 16:33:10.639136,10671
460,385,293,Size Issue,2025-12-13 16:33:10.639136,19436
461,113,881,Late Delivery,2025-06-03 16:33:10.639136,4044
462,1144,664,Wrong Item,2025-04-04 16:33:10.639136,166
463,1573,219,Late Delivery,2024-12-11 16:33:10.639136,7453
464,1435,42,Size Issue,2024-04-21 16:33:10.639136,5270
465,718,773,Damaged,2024-04-06 16:33:10.639136,9717
466,248,412,Damaged,2025-04-12 16:33:10.639136,13103
467,1735,1013,Late Delivery,2025-02-13 16:33:10.639136,4938
468,984,2,Late Delivery,2024-06-11 16:33:10.639136,5203
469,1805,918,Late Delivery,2024-06-03 16:33:10.639136,14487
470,881,437,Size Issue,2024-02-28 16:33:10.639136,13549
471,1789,606,Wrong Item,2026-02-01 16:33:10.639136,15124
472,323,1167,Damaged,2026-01-23 16:33:10.639136,9737
473,432,1049,Damaged,2025-07-01 16:33:10.639136,13443
474,946,815,Wrong Item,2024-08-08 16:33:10.639136,14465
475,71,295,Size Issue,2025-01-03 16:33:10.639136,8179
476,1948,148,Late Delivery,2025-12-05 16:33:10.639136,7706
477,1177,137,Size Issue,2025-07-25 16:33:10.639136,10224
478,863,559,Late Delivery,2024-06-27 16:33:10.639136,11092
479,858,111,Size Issue,2025-03-18 16:33:10.639136,15415
480,1826,1050,Wrong Item,2025-12-19 16:33:10.639136,1568
481,1397,419,Late Delivery,2025-11-15 16:33:10.639136,802
482,801,221,Size Issue,2026-02-15 16:33:10.639136,11598
483,68,379,Late Delivery,2024-04-25 16:33:10.639136,7884
484,528,61,Late Delivery,2024-10-07 16:33:10.639136,3166
485,1772,277,Wrong Item,2026-01-07 16:33:10.639136,1916
486,1671,885,Late Delivery,2025-05-13 16:33:10.639136,14368
487,832,662,Size Issue,2025-12-21 16:33:10.639136,239
488,665,480,Wrong Item,2024-11-29 16:33:10.639136,5237
489,1285,234,Late Delivery,2025-09-19 16:33:10.639136,9194
490,454,686,Wrong Item,2026-02-06 16:33:10.639136,5561
491,1936,1026,Late Delivery,2024-05-04 16:33:10.639136,15381
492,1127,25,Size Issue,2025-09-08 16:33:10.639136,2321
493,492,1064,Damaged,2025-01-24 16:33:10.639136,14946
494,460,383,Damaged,2024-10-04 16:33:10.639136,12491
495,1589,909,Late Delivery,2024-12-18 16:33:10.639136,11794
496,681,763,Wrong Item,2025-04-12 16:33:10.639136,3711
497,646,245,Damaged,2025-05-15 16:33:10.639136,464
498,1506,713,Size Issue,2025-07-12 16:33:10.639136,375
499,746,321,Size Issue,2024-03-26 16:33:10.639136,18519
500,817,1089,Late Delivery,2024-11-18 16:33:10.639136,9579
501,190,260,Wrong Item,2025-02-04 16:33:10.639136,19324
502,1194,1119,Late Delivery,2025-12-21 16:33:10.639136,5779
503,1911,652,Late Delivery,2025-10-22 16:33:10.639136,5030
504,1791,818,Wrong Item,2025-01-05 16:33:10.639136,14219
505,52,72,Late Delivery,2025-12-13 16:33:10.639136,6230
506,686,709,Damaged,2025-02-27 16:33:10.639136,2963
507,989,915,Size Issue,2024-05-06 16:33:10.639136,19270
508,412,973,Size Issue,2025-10-13 16:33:10.639136,11063
509,447,138,Wrong Item,2025-05-29 16:33:10.639136,6584
510,548,515,Size Issue,2025-08-14 16:33:10.639136,751
511,1371,136,Late Delivery,2025-04-27 16:33:10.639136,5326
512,230,405,Size Issue,2025-04-20 16:33:10.639136,3022
513,813,568,Late Delivery,2024-05-07 16:33:10.639136,10580
514,305,884,Size Issue,2024-10-30 16:33:10.639136,5053
515,1664,290,Wrong Item,2026-01-10 16:33:10.639136,8675
516,1850,921,Damaged,2026-01-11 16:33:10.639136,16813
517,195,5,Damaged,2024-11-21 16:33:10.639136,17402
518,1416,222,Wrong Item,2025-10-07 16:33:10.639136,14607
519,149,1144,Size Issue,2024-04-03 16:33:10.639136,18304
520,1232,515,Wrong Item,2025-05-22 16:33:10.639136,9997
521,1135,245,Wrong Item,2025-04-05 16:33:10.639136,16986
522,226,999,Wrong Item,2024-02-27 16:33:10.639136,565
523,1068,38,Size Issue,2025-07-30 16:33:10.639136,17855
524,1652,25,Size Issue,2025-12-20 16:33:10.639136,16741
525,86,1120,Damaged,2024-11-19 16:33:10.639136,626
526,395,444,Size Issue,2026-02-17 16:33:10.639136,924
527,697,69,Damaged,2026-01-30 16:33:10.639136,1680
528,695,772,Wrong Item,2025-02-02 16:33:10.639136,17080
529,1476,885,Damaged,2025-11-29 16:33:10.639136,6141
530,1970,217,Wrong Item,2024-04-29 16:33:10.639136,3285
531,842,850,Size Issue,2025-04-22 16:33:10.639136,822
532,1823,281,Damaged,2024-08-01 16:33:10.639136,9622
533,1855,881,Late Delivery,2025-04-26 16:33:10.639136,8563
534,296,1036,Damaged,2024-07-20 16:33:10.639136,11461
535,1160,1073,Wrong Item,2025-03-31 16:33:10.639136,5300
536,106,937,Size Issue,2025-11-16 16:33:10.639136,16787
537,1687,1147,Size Issue,2025-10-09 16:33:10.639136,10619
538,1227,154,Wrong Item,2025-03-23 16:33:10.639136,247
539,1766,1186,Wrong Item,2024-02-19 16:33:10.639136,8118
540,459,162,Size Issue,2025-05-07 16:33:10.639136,12205
541,855,725,Late Delivery,2024-06-20 16:33:10.639136,13848
542,801,726,Late Delivery,2025-07-27 16:33:10.639136,3263
543,433,47,Size Issue,2025-09-29 16:33:10.639136,11416
544,1740,118,Size Issue,2024-10-16 16:33:10.639136,16526
545,1167,812,Size Issue,2025-12-14 16:33:10.639136,3390
546,815,555,Size Issue,2024-03-30 16:33:10.639136,17413
547,790,296,Size Issue,2024-08-31 16:33:10.639136,4365
548,1575,261,Wrong Item,2024-03-13 16:33:10.639136,15558
549,303,556,Late Delivery,2025-03-19 16:33:10.639136,8445
550,193,382,Late Delivery,2024-05-30 16:33:10.639136,7229
551,1372,1165,Size Issue,2025-02-24 16:33:10.639136,16156
552,515,657,Late Delivery,2024-06-19 16:33:10.639136,16614
553,1528,28,Size Issue,2025-07-19 16:33:10.639136,6656
554,1181,503,Size Issue,2024-03-27 16:33:10.639136,17076
555,450,756,Size Issue,2025-11-28 16:33:10.639136,9250
556,1722,289,Late Delivery,2025-07-30 16:33:10.639136,17480
557,723,1157,Damaged,2025-10-14 16:33:10.639136,5735
558,32,888,Late Delivery,2025-03-06 16:33:10.639136,12581
559,1256,402,Wrong Item,2025-03-04 16:33:10.639136,19692
560,850,291,Late Delivery,2025-05-10 16:33:10.639136,5448
561,285,492,Late Delivery,2025-08-23 16:33:10.639136,7831
562,170,357,Late Delivery,2025-02-01 16:33:10.639136,7659
563,1856,521,Damaged,2025-08-17 16:33:10.639136,6845
564,1256,706,Size Issue,2025-11-30 16:33:10.639136,15510
565,1711,1149,Damaged,2024-08-01 16:33:10.639136,4497
566,1831,1053,Damaged,2024-05-19 16:33:10.639136,14988
567,1019,166,Damaged,2025-04-24 16:33:10.639136,4358
568,1156,607,Size Issue,2024-03-08 16:33:10.639136,4475
569,1534,792,Size Issue,2024-11-18 16:33:10.639136,15003
570,458,748,Wrong Item,2024-11-29 16:33:10.639136,3228
571,1803,578,Wrong Item,2025-11-16 16:33:10.639136,2499
572,63,445,Wrong Item,2024-10-20 16:33:10.639136,4153
573,1694,1083,Late Delivery,2025-12-28 16:33:10.639136,14090
574,1980,960,Damaged,2025-04-28 16:33:10.639136,13929
575,1311,997,Size Issue,2025-06-14 16:33:10.639136,15896
576,1323,279,Damaged,2026-02-17 16:33:10.639136,3297
577,163,126,Size Issue,2024-02-20 16:33:10.639136,18165
578,472,1044,Size Issue,2024-10-28 16:33:10.639136,15444
579,1733,1143,Wrong Item,2025-03-28 16:33:10.639136,684
580,1623,174,Late Delivery,2025-06-13 16:33:10.639136,15687
581,1610,709,Wrong Item,2024-08-29 16:33:10.639136,9357
582,292,273,Size Issue,2024-09-22 16:33:10.639136,19481
583,463,266,Wrong Item,2024-11-15 16:33:10.639136,4299
584,738,1009,Late Delivery,2025-05-25 16:33:10.639136,6046
585,934,935,Size Issue,2025-02-23 16:33:10.639136,14711
586,1382,695,Damaged,2024-08-05 16:33:10.639136,3594
587,1349,1068,Size Issue,2024-08-28 16:33:10.639136,3155
588,205,578,Size Issue,2025-05-06 16:33:10.639136,1241
589,466,776,Wrong Item,2025-08-15 16:33:10.639136,7646
590,1193,812,Late Delivery,2025-08-27 16:33:10.639136,16664
591,1789,610,Wrong Item,2024-03-06 16:33:10.639136,9450
592,947,679,Wrong Item,2025-03-02 16:33:10.639136,16581
593,1622,638,Late Delivery,2025-06-19 16:33:10.639136,1934
594,1804,786,Wrong Item,2026-01-17 16:33:10.639136,19424
595,364,1078,Size Issue,2024-10-23 16:33:10.639136,4386
596,1322,112,Wrong Item,2025-01-08 16:33:10.639136,10274
597,835,167,Late Delivery,2026-02-17 16:33:10.639136,15638
598,1213,594,Late Delivery,2025-05-19 16:33:10.639136,14919
599,1076,140,Late Delivery,2024-09-26 16:33:10.639136,13674
600,1529,161,Wrong Item,2025-09-28 16:33:10.639136,10768
601,1267,596,Size Issue,2025-10-10 16:33:10.639136,4525
602,1443,133,Damaged,2026-02-17 16:33:10.639136,18459
603,687,898,Wrong Item,2024-10-11 16:33:10.639136,10985
604,1969,106,Damaged,2025-11-13 16:33:10.639136,9300
605,944,438,Late Delivery,2025-07-02 16:33:10.639136,18808
606,866,282,Late Delivery,2026-01-09 16:33:10.639136,6545
607,1035,1195,Late Delivery,2025-02-14 16:33:10.639136,9670
608,1569,1153,Late Delivery,2026-01-14 16:33:10.639136,15329
609,1168,176,Late Delivery,2025-09-08 16:33:10.639136,5136
610,1660,277,Damaged,2024-04-04 16:33:10.639136,18127
611,1471,253,Damaged,2024-03-20 16:33:10.639136,3292
612,1521,524,Wrong Item,2025-07-19 16:33:10.639136,13462
613,1368,853,Damaged,2025-03-29 16:33:10.639136,6070
614,655,176,Size Issue,2025-07-03 16:33:10.639136,10695
615,1201,697,Damaged,2024-11-04 16:33:10.639136,19193
616,1572,88,Late Delivery,2025-05-19 16:33:10.639136,3316
617,1296,29,Damaged,2024-02-20 16:33:10.639136,8789
618,1293,724,Late Delivery,2024-08-24 16:33:10.639136,9042
619,321,358,Late Delivery,2026-01-08 16:33:10.639136,9700
620,1796,808,Late Delivery,2025-02-10 16:33:10.639136,4310
621,1269,610,Wrong Item,2024-04-04 16:33:10.639136,11415
622,236,936,Damaged,2025-10-11 16:33:10.639136,15328
623,319,680,Damaged,2024-08-21 16:33:10.639136,7215
624,1771,525,Wrong Item,2024-10-16 16:33:10.639136,10833
625,476,885,Late Delivery,2025-03-07 16:33:10.639136,14763
626,1393,992,Late Delivery,2025-05-18 16:33:10.639136,7068
627,514,267,Late Delivery,2025-01-26 16:33:10.639136,17533
628,1750,988,Size Issue,2024-04-08 16:33:10.639136,6876
629,1364,143,Damaged,2024-12-21 16:33:10.639136,19442
630,897,189,Size Issue,2024-02-20 16:33:10.639136,15511
631,1869,978,Damaged,2025-11-24 16:33:10.639136,6074
632,1777,1045,Damaged,2025-04-16 16:33:10.639136,2896
633,1926,1181,Damaged,2025-06-25 16:33:10.639136,8757
634,808,805,Late Delivery,2025-10-29 16:33:10.639136,16403
635,1706,560,Late Delivery,2024-07-23 16:33:10.639136,3052
636,941,246,Wrong Item,2024-12-11 16:33:10.639136,7645
637,755,799,Late Delivery,2025-07-15 16:33:10.639136,8127
638,1603,104,Wrong Item,2024-07-25 16:33:10.639136,11511
639,1551,404,Late Delivery,2025-09-27 16:33:10.639136,12280
640,1465,296,Size Issue,2025-01-17 16:33:10.639136,17533
641,913,778,Late Delivery,2024-09-17 16:33:10.639136,10591
642,1494,22,Late Delivery,2025-09-14 16:33:10.639136,3167
643,1529,114,Late Delivery,2024-08-17 16:33:10.639136,17224
644,1411,459,Size Issue,2025-06-05 16:33:10.639136,12748
645,549,851,Damaged,2024-08-24 16:33:10.639136,12515
646,181,534,Wrong Item,2025-12-22 16:33:10.639136,13367
647,1373,485,Damaged,2025-09-27 16:33:10.639136,13038
648,361,904,Size Issue,2025-03-28 16:33:10.639136,9868
649,524,457,Damaged,2025-10-08 16:33:10.639136,10532
650,131,690,Late Delivery,2025-04-04 16:33:10.639136,7233
651,34,127,Late Delivery,2024-09-11 16:33:10.639136,12881
652,298,242,Damaged,2025-02-20 16:33:10.639136,2630
653,797,531,Damaged,2025-05-20 16:33:10.639136,16825
654,947,114,Size Issue,2025-07-16 16:33:10.639136,3642
655,186,419,Size Issue,2024-09-06 16:33:10.639136,15711
656,1534,505,Late Delivery,2025-02-26 16:33:10.639136,5345
657,989,335,Size Issue,2025-10-05 16:33:10.639136,17929
658,804,903,Late Delivery,2025-06-13 16:33:10.639136,2105
659,686,739,Size Issue,2025-08-01 16:33:10.639136,19522
660,1198,76,Late Delivery,2024-05-20 16:33:10.639136,6068
661,1421,787,Damaged,2025-01-17 16:33:10.639136,9682
662,1442,1125,Wrong Item,2025-06-22 16:33:10.639136,410
663,102,261,Wrong Item,2024-09-28 16:33:10.639136,3536
664,435,264,Late Delivery,2025-07-24 16:33:10.639136,18840
665,400,965,Size Issue,2025-04-24 16:33:10.639136,745
666,321,132,Wrong Item,2025-05-08 16:33:10.639136,17959
667,1730,1098,Size Issue,2024-05-06 16:33:10.639136,11886
668,1024,988,Damaged,2026-01-28 16:33:10.639136,4537
669,1520,139,Size Issue,2024-08-13 16:33:10.639136,12368
670,130,724,Late Delivery,2024-05-16 16:33:10.639136,15596
671,893,747,Size Issue,2025-09-12 16:33:10.639136,19761
672,321,318,Wrong Item,2026-01-28 16:33:10.639136,12178
673,741,266,Size Issue,2025-09-10 16:33:10.639136,16164
674,1369,53,Late Delivery,2024-09-05 16:33:10.639136,288
675,1606,310,Wrong Item,2025-09-01 16:33:10.639136,5910
676,1246,457,Wrong Item,2025-02-18 16:33:10.639136,4809
677,1113,899,Late Delivery,2024-06-04 16:33:10.639136,12373
678,1488,398,Size Issue,2025-10-23 16:33:10.639136,13532
679,616,993,Wrong Item,2025-04-14 16:33:10.639136,17344
680,1361,635,Late Delivery,2024-11-17 16:33:10.639136,13612
681,568,738,Size Issue,2024-03-24 16:33:10.639136,15004
682,1402,310,Wrong Item,2024-06-03 16:33:10.639136,421
683,1891,252,Size Issue,2026-01-19 16:33:10.639136,1714
684,1078,1119,Damaged,2025-08-24 16:33:10.639136,15834
685,648,826,Size Issue,2025-02-12 16:33:10.639136,937
686,1531,694,Damaged,2025-12-16 16:33:10.639136,492
687,656,1085,Damaged,2024-06-09 16:33:10.639136,149
688,1152,1139,Late Delivery,2025-07-01 16:33:10.639136,19581
689,1008,533,Size Issue,2025-07-14 16:33:10.639136,14362
690,163,435,Late Delivery,2025-08-16 16:33:10.639136,18058
691,1956,875,Late Delivery,2024-09-04 16:33:10.639136,12686
692,1610,606,Late Delivery,2025-01-22 16:33:10.639136,8037
693,1917,450,Wrong Item,2024-12-22 16:33:10.639136,14655
694,907,567,Late Delivery,2024-10-10 16:33:10.639136,6608
695,1952,983,Wrong Item,2024-07-27 16:33:10.639136,14203
696,1884,349,Damaged,2025-11-10 16:33:10.639136,2533
697,707,2,Wrong Item,2024-09-29 16:33:10.639136,15989
698,595,424,Late Delivery,2024-10-26 16:33:10.639136,9546
699,642,103,Size Issue,2024-08-05 16:33:10.639136,3878
700,1230,594,Damaged,2025-01-11 16:33:10.639136,227
701,518,970,Wrong Item,2025-04-20 16:33:10.639136,965
702,1279,980,Late Delivery,2024-08-04 16:33:10.639136,19602
703,156,553,Size Issue,2025-10-12 16:33:10.639136,16051
704,924,484,Late Delivery,2025-03-11 16:33:10.639136,626
705,1172,1091,Size Issue,2025-10-05 16:33:10.639136,3863
706,1243,1141,Damaged,2025-05-13 16:33:10.639136,9866
707,993,475,Late Delivery,2025-05-10 16:33:10.639136,12055
708,420,904,Size Issue,2025-08-08 16:33:10.639136,14858
709,1652,614,Size Issue,2025-12-20 16:33:10.639136,11968
710,928,239,Wrong Item,2024-06-13 16:33:10.639136,17638
711,519,538,Size Issue,2025-10-26 16:33:10.639136,12889
712,133,892,Wrong Item,2025-09-19 16:33:10.639136,10590
713,371,695,Late Delivery,2024-11-01 16:33:10.639136,15745
714,977,990,Size Issue,2024-10-18 16:33:10.639136,14471
715,1312,324,Damaged,2024-07-13 16:33:10.639136,7383
716,1040,562,Late Delivery,2025-05-19 16:33:10.639136,12197
717,786,149,Damaged,2025-09-02 16:33:10.639136,18541
718,1706,1064,Late Delivery,2025-01-24 16:33:10.639136,12332
719,1010,1102,Wrong Item,2024-06-27 16:33:10.639136,6240
720,1668,83,Damaged,2024-04-20 16:33:10.639136,10706
721,1207,26,Size Issue,2024-12-08 16:33:10.639136,11591
722,1515,233,Late Delivery,2024-10-11 16:33:10.639136,12544
723,660,1128,Size Issue,2024-12-06 16:33:10.639136,1162
724,661,1162,Damaged,2025-09-26 16:33:10.639136,7443
725,568,621,Wrong Item,2024-12-12 16:33:10.639136,13493
726,258,962,Damaged,2024-07-05 16:33:10.639136,6274
727,1250,480,Wrong Item,2024-04-15 16:33:10.639136,13417
728,689,485,Wrong Item,2025-03-05 16:33:10.639136,6481
729,1796,755,Late Delivery,2025-01-05 16:33:10.639136,19279
730,1374,1110,Damaged,2025-09-25 16:33:10.639136,13074
731,1661,321,Wrong Item,2026-02-08 16:33:10.639136,4033
732,1218,827,Damaged,2025-08-09 16:33:10.639136,16159
733,1148,1002,Size Issue,2025-11-28 16:33:10.639136,15523
734,1033,1131,Wrong Item,2026-02-06 16:33:10.639136,15700
735,390,953,Late Delivery,2024-10-29 16:33:10.639136,1653
736,1205,961,Late Delivery,2024-09-30 16:33:10.639136,19139
737,1314,1056,Wrong Item,2025-05-11 16:33:10.639136,12709
738,844,56,Late Delivery,2025-12-23 16:33:10.639136,18757
739,1022,1031,Size Issue,2025-01-27 16:33:10.639136,464
740,1620,114,Size Issue,2024-11-29 16:33:10.639136,12020
741,1356,95,Late Delivery,2026-02-09 16:33:10.639136,4703
742,1231,819,Wrong Item,2025-11-04 16:33:10.639136,991
743,1406,168,Damaged,2025-05-16 16:33:10.639136,7679
744,1456,373,Wrong Item,2025-04-08 16:33:10.639136,11755
745,303,919,Wrong Item,2025-02-06 16:33:10.639136,9591
746,791,487,Damaged,2025-01-24 16:33:10.639136,10070
747,1374,161,Size Issue,2025-04-29 16:33:10.639136,16479
748,248,139,Late Delivery,2025-05-16 16:33:10.639136,10568
749,417,1197,Late Delivery,2024-08-05 16:33:10.639136,9208
750,1642,647,Damaged,2025-10-15 16:33:10.639136,18222
751,943,71,Size Issue,2024-02-26 16:33:10.639136,16315
752,675,646,Wrong Item,2026-01-26 16:33:10.639136,18142
753,1652,5,Size Issue,2024-09-06 16:33:10.639136,12941
754,694,978,Wrong Item,2025-05-11 16:33:10.639136,17190
755,445,760,Damaged,2025-05-28 16:33:10.639136,887
756,716,169,Wrong Item,2024-04-05 16:33:10.639136,13493
757,1242,851,Late Delivery,2024-08-23 16:33:10.639136,2224
758,1597,264,Damaged,2025-01-09 16:33:10.639136,12818
759,1122,497,Late Delivery,2024-03-18 16:33:10.639136,6101
760,991,1067,Size Issue,2024-10-05 16:33:10.639136,14838
761,1166,1141,Wrong Item,2024-06-12 16:33:10.639136,9562
762,1967,1175,Wrong Item,2025-01-01 16:33:10.639136,2867
763,457,969,Damaged,2025-06-23 16:33:10.639136,8008
764,6,873,Wrong Item,2025-09-20 16:33:10.639136,1258
765,1698,1084,Size Issue,2025-08-15 16:33:10.639136,7169
766,69,836,Size Issue,2026-01-18 16:33:10.639136,16544
767,419,871,Damaged,2025-04-27 16:33:10.639136,14617
768,332,408,Late Delivery,2025-04-29 16:33:10.639136,11109
769,1366,848,Damaged,2025-04-02 16:33:10.639136,15658
770,985,761,Size Issue,2025-09-18 16:33:10.639136,11756
771,920,499,Size Issue,2024-12-12 16:33:10.639136,3392
772,1661,7,Size Issue,2025-12-04 16:33:10.639136,14580
773,986,268,Size Issue,2024-03-02 16:33:10.639136,9722
774,81,367,Size Issue,2026-01-23 16:33:10.639136,17571
775,1334,1029,Damaged,2024-03-16 16:33:10.639136,17813
776,1868,656,Size Issue,2025-08-13 16:33:10.639136,14765
777,310,433,Size Issue,2025-06-29 16:33:10.639136,16610
778,598,737,Late Delivery,2025-11-24 16:33:10.639136,4981
779,96,1079,Damaged,2024-07-24 16:33:10.639136,9541
780,1928,234,Damaged,2024-12-08 16:33:10.639136,2906
781,758,122,Late Delivery,2024-12-25 16:33:10.639136,19100
782,502,240,Late Delivery,2025-03-13 16:33:10.639136,551
783,1072,244,Late Delivery,2026-01-15 16:33:10.639136,3854
784,177,704,Size Issue,2025-11-24 16:33:10.639136,12630
785,1985,895,Damaged,2024-10-12 16:33:10.639136,9423
786,35,565,Late Delivery,2025-12-29 16:33:10.639136,11775
787,93,87,Damaged,2025-01-03 16:33:10.639136,11100
788,1131,617,Damaged,2025-12-06 16:33:10.639136,18244
789,1203,283,Wrong Item,2025-11-21 16:33:10.639136,15748
790,48,832,Damaged,2025-12-16 16:33:10.639136,12696
791,636,631,Wrong Item,2025-01-24 16:33:10.639136,14422
792,1330,714,Damaged,2026-01-13 16:33:10.639136,7481
793,1615,807,Wrong Item,2025-09-16 16:33:10.639136,7228
794,827,600,Late Delivery,2024-07-11 16:33:10.639136,5498
795,624,744,Size Issue,2025-07-25 16:33:10.639136,3287
796,993,79,Wrong Item,2024-10-17 16:33:10.639136,11551
797,133,608,Wrong Item,2024-11-11 16:33:10.639136,9017
798,1325,834,Late Delivery,2026-02-07 16:33:10.639136,8219
799,1375,73,Damaged,2024-03-25 16:33:10.639136,8614
800,732,434,Damaged,2024-11-24 16:33:10.639136,18126
801,1778,1114,Late Delivery,2025-07-10 16:33:10.639136,5530
802,1725,648,Damaged,2024-12-23 16:33:10.639136,435
803,1408,1179,Late Delivery,2024-06-10 16:33:10.639136,14436
804,105,1157,Late Delivery,2024-09-21 16:33:10.639136,2508
805,1020,29,Damaged,2025-04-01 16:33:10.639136,13413
806,1965,1093,Damaged,2024-10-04 16:33:10.639136,683
807,471,1118,Size Issue,2025-03-13 16:33:10.639136,19850
808,223,370,Damaged,2025-02-26 16:33:10.639136,1890
809,208,781,Size Issue,2025-01-17 16:33:10.639136,8656
810,1900,838,Late Delivery,2024-07-25 16:33:10.639136,12214
811,900,475,Damaged,2024-07-26 16:33:10.639136,11541
812,449,864,Damaged,2024-06-28 16:33:10.639136,14562
813,825,1026,Late Delivery,2025-03-29 16:33:10.639136,5743
814,1578,332,Size Issue,2025-07-13 16:33:10.639136,19248
815,1929,633,Late Delivery,2024-12-01 16:33:10.639136,12022
816,77,1138,Damaged,2025-11-26 16:33:10.639136,18583
817,1327,1036,Late Delivery,2024-06-20 16:33:10.639136,15377
818,1851,475,Wrong Item,2024-05-20 16:33:10.639136,11137
819,1586,1016,Damaged,2025-04-28 16:33:10.639136,1306
820,1831,569,Wrong Item,2025-03-16 16:33:10.639136,2802
821,543,518,Late Delivery,2024-05-18 16:33:10.639136,13777
822,682,76,Size Issue,2024-11-13 16:33:10.639136,3533
823,758,380,Late Delivery,2024-11-12 16:33:10.639136,9403
824,1984,707,Wrong Item,2025-10-24 16:33:10.639136,13668
825,1513,586,Size Issue,2024-11-08 16:33:10.639136,2928
826,1352,1175,Damaged,2024-09-30 16:33:10.639136,15268
827,1143,92,Size Issue,2025-10-20 16:33:10.639136,16680
828,994,878,Wrong Item,2024-03-11 16:33:10.639136,19857
829,388,1122,Wrong Item,2025-05-18 16:33:10.639136,8178
830,1217,804,Size Issue,2024-08-05 16:33:10.639136,10338
831,1842,356,Late Delivery,2026-01-05 16:33:10.639136,13760
832,5,996,Size Issue,2025-12-25 16:33:10.639136,4067
833,637,895,Size Issue,2024-11-21 16:33:10.639136,211
834,1632,349,Late Delivery,2026-01-29 16:33:10.639136,4162
835,390,722,Wrong Item,2024-12-04 16:33:10.639136,5176
836,667,724,Size Issue,2025-03-19 16:33:10.639136,2928
837,1141,405,Wrong Item,2025-05-04 16:33:10.639136,5095
838,1703,181,Wrong Item,2025-08-18 16:33:10.639136,8483
839,1923,252,Size Issue,2025-02-05 16:33:10.639136,2472
840,1726,19,Size Issue,2024-11-24 16:33:10.639136,4442
841,1784,742,Wrong Item,2025-06-25 16:33:10.639136,11217
842,14,754,Late Delivery,2025-08-26 16:33:10.639136,16592
843,1308,127,Size Issue,2025-12-12 16:33:10.639136,17322
844,1890,353,Damaged,2025-05-13 16:33:10.639136,5223
845,965,148,Wrong Item,2025-03-25 16:33:10.639136,6265
846,421,629,Damaged,2026-01-27 16:33:10.639136,6140
847,1345,434,Late Delivery,2025-08-14 16:33:10.639136,3551
848,1502,509,Wrong Item,2025-04-10 16:33:10.639136,15496
849,325,925,Wrong Item,2024-10-25 16:33:10.639136,5167
850,1799,839,Wrong Item,2025-05-23 16:33:10.639136,14752
851,1876,880,Late Delivery,2024-12-13 16:33:10.639136,14334
852,1807,688,Damaged,2025-10-05 16:33:10.639136,9697
853,1562,789,Late Delivery,2025-12-05 16:33:10.639136,15101
854,1542,603,Wrong Item,2025-09-29 16:33:10.639136,9587
855,550,398,Damaged,2024-09-12 16:33:10.639136,13766
856,1002,710,Late Delivery,2024-07-28 16:33:10.639136,13314
857,838,1034,Size Issue,2026-02-14 16:33:10.639136,19876
858,1975,10,Size Issue,2024-10-11 16:33:10.639136,13349
859,1330,866,Late Delivery,2025-12-11 16:33:10.639136,16529
860,429,383,Damaged,2024-09-01 16:33:10.639136,2578
861,813,253,Wrong Item,2024-06-07 16:33:10.639136,15948
862,922,31,Size Issue,2024-10-25 16:33:10.639136,10009
863,85,425,Wrong Item,2024-08-30 16:33:10.639136,6643
864,209,654,Damaged,2025-07-27 16:33:10.639136,615
865,216,816,Late Delivery,2024-12-01 16:33:10.639136,17812
866,1675,24,Wrong Item,2024-10-31 16:33:10.639136,13973
867,277,1102,Damaged,2024-06-20 16:33:10.639136,19662
868,455,1026,Size Issue,2024-09-04 16:33:10.639136,2458
869,226,725,Size Issue,2026-01-03 16:33:10.639136,7996
870,1154,992,Damaged,2025-02-21 16:33:10.639136,15982
871,504,533,Damaged,2025-01-09 16:33:10.639136,19098
872,1646,173,Damaged,2026-01-08 16:33:10.639136,12472
873,1587,874,Damaged,2025-07-15 16:33:10.639136,13870
874,1733,376,Wrong Item,2025-03-14 16:33:10.639136,11674
875,123,594,Late Delivery,2024-03-28 16:33:10.639136,4725
876,841,358,Wrong Item,2025-01-02 16:33:10.639136,16302
877,1131,270,Wrong Item,2025-01-28 16:33:10.639136,3532
878,1308,1127,Wrong Item,2025-04-30 16:33:10.639136,3353
879,1931,502,Size Issue,2024-04-03 16:33:10.639136,13725
880,257,134,Damaged,2025-08-14 16:33:10.639136,9572
881,68,159,Size Issue,2025-06-24 16:33:10.639136,19168
882,1017,37,Late Delivery,2024-07-07 16:33:10.639136,17252
883,132,77,Late Delivery,2025-12-07 16:33:10.639136,11693
884,377,866,Late Delivery,2025-04-22 16:33:10.639136,12360
885,102,1093,Wrong Item,2025-04-22 16:33:10.639136,18199
886,191,802,Wrong Item,2024-06-14 16:33:10.639136,9632
887,86,907,Wrong Item,2025-06-15 16:33:10.639136,6521
888,111,1077,Late Delivery,2024-05-13 16:33:10.639136,9293
889,1546,405,Damaged,2024-09-05 16:33:10.639136,428
890,1235,318,Damaged,2024-04-12 16:33:10.639136,11283
891,1732,802,Wrong Item,2025-04-01 16:33:10.639136,1396
892,988,15,Wrong Item,2025-12-17 16:33:10.639136,9423
893,1009,585,Size Issue,2025-12-18 16:33:10.639136,14809
894,1278,1072,Wrong Item,2024-04-23 16:33:10.639136,7670
895,345,946,Wrong Item,2025-08-17 16:33:10.639136,3940
896,1823,677,Wrong Item,2024-07-24 16:33:10.639136,19631
897,1608,425,Wrong Item,2024-07-06 16:33:10.639136,18938
898,929,358,Size Issue,2024-11-07 16:33:10.639136,1318
899,230,608,Wrong Item,2025-09-04 16:33:10.639136,9790
900,1003,754,Size Issue,2024-10-16 16:33:10.639136,2895
901,1037,1100,Late Delivery,2025-01-02 16:33:10.639136,11929
902,1230,550,Late Delivery,2025-08-31 16:33:10.639136,1807
903,118,974,Wrong Item,2024-11-21 16:33:10.639136,14141
904,444,819,Late Delivery,2025-10-24 16:33:10.639136,17245
905,496,980,Size Issue,2025-02-21 16:33:10.639136,12076
906,1328,35,Size Issue,2025-01-28 16:33:10.639136,17930
907,500,1106,Late Delivery,2025-02-22 16:33:10.639136,1367
908,28,1024,Late Delivery,2024-03-22 16:33:10.639136,19140
909,112,386,Damaged,2025-05-18 16:33:10.639136,4845
910,195,160,Wrong Item,2025-02-24 16:33:10.639136,19353
911,1448,1025,Damaged,2024-12-04 16:33:10.639136,6422
912,430,485,Damaged,2025-03-08 16:33:10.639136,13882
913,1190,862,Size Issue,2024-03-08 16:33:10.639136,3885
914,100,171,Size Issue,2025-04-09 16:33:10.639136,1115
915,186,410,Wrong Item,2025-01-18 16:33:10.639136,6181
916,15,891,Wrong Item,2024-08-15 16:33:10.639136,12657
917,112,1162,Wrong Item,2024-05-08 16:33:10.639136,12805
918,1523,566,Wrong Item,2025-03-20 16:33:10.639136,13161
919,1716,465,Wrong Item,2024-06-17 16:33:10.639136,12523
920,194,600,Damaged,2025-09-03 16:33:10.639136,5217
921,390,216,Damaged,2024-04-24 16:33:10.639136,15676
922,176,920,Damaged,2025-10-27 16:33:10.639136,19173
923,605,649,Late Delivery,2024-11-01 16:33:10.639136,1613
924,685,226,Size Issue,2024-03-19 16:33:10.639136,18256
925,151,24,Damaged,2025-01-24 16:33:10.639136,13635
926,1580,904,Wrong Item,2025-12-02 16:33:10.639136,11834
927,323,855,Wrong Item,2025-02-26 16:33:10.639136,19698
928,756,179,Late Delivery,2025-05-06 16:33:10.639136,7919
929,741,373,Size Issue,2024-06-10 16:33:10.639136,7958
930,1336,58,Wrong Item,2026-02-09 16:33:10.639136,6185
931,1652,1080,Late Delivery,2025-06-23 16:33:10.639136,3305
932,112,813,Late Delivery,2025-01-18 16:33:10.639136,13974
933,45,346,Size Issue,2025-10-06 16:33:10.639136,5592
934,1981,396,Size Issue,2025-05-20 16:33:10.639136,14527
935,909,589,Damaged,2025-12-30 16:33:10.639136,9963
936,1188,90,Size Issue,2025-06-15 16:33:10.639136,2900
937,1021,691,Wrong Item,2024-07-22 16:33:10.639136,4310
938,1461,1016,Late Delivery,2026-01-29 16:33:10.639136,11499
939,335,807,Damaged,2025-01-07 16:33:10.639136,17366
940,952,1071,Damaged,2025-04-04 16:33:10.639136,18248
941,1766,511,Damaged,2025-06-21 16:33:10.639136,3569
942,650,233,Damaged,2024-04-27 16:33:10.639136,8556
943,333,539,Damaged,2024-07-28 16:33:10.639136,9693
944,1438,1026,Size Issue,2025-02-26 16:33:10.639136,10105
945,1979,853,Late Delivery,2024-09-28 16:33:10.639136,2536
946,1875,418,Late Delivery,2024-05-05 16:33:10.639136,15499
947,1835,541,Damaged,2025-09-28 16:33:10.639136,117
948,1398,840,Late Delivery,2025-10-22 16:33:10.639136,10624
949,636,651,Damaged,2025-08-27 16:33:10.639136,11630
950,975,11,Wrong Item,2024-11-05 16:33:10.639136,343
951,1829,251,Damaged,2025-07-07 16:33:10.639136,13315
952,1809,183,Late Delivery,2024-03-19 16:33:10.639136,12779
953,214,423,Damaged,2024-06-14 16:33:10.639136,3492
954,1377,258,Late Delivery,2024-09-24 16:33:10.639136,17541
955,454,186,Damaged,2025-05-29 16:33:10.639136,5419
956,61,501,Size Issue,2025-06-14 16:33:10.639136,19339
957,780,733,Late Delivery,2024-11-10 16:33:10.639136,500
958,63,131,Damaged,2025-12-31 16:33:10.639136,10493
959,596,266,Late Delivery,2024-04-17 16:33:10.639136,14442
960,1133,305,Size Issue,2024-05-05 16:33:10.639136,4129
961,863,574,Wrong Item,2024-11-22 16:33:10.639136,5753
962,621,143,Damaged,2024-11-04 16:33:10.639136,15600
963,650,598,Late Delivery,2025-05-10 16:33:10.639136,4834
964,563,1082,Wrong Item,2024-06-27 16:33:10.639136,7598
965,1951,128,Late Delivery,2024-12-15 16:33:10.639136,4238
966,1521,151,Damaged,2025-04-26 16:33:10.639136,16851
967,536,820,Damaged,2024-10-05 16:33:10.639136,17090
968,1653,713,Damaged,2025-11-22 16:33:10.639136,11173
969,1257,305,Wrong Item,2024-11-30 16:33:10.639136,13946
970,801,653,Wrong Item,2024-04-25 16:33:10.639136,16328
971,588,870,Size Issue,2025-01-16 16:33:10.639136,6271
972,1560,479,Damaged,2025-05-07 16:33:10.639136,8958
973,1189,645,Damaged,2025-05-04 16:33:10.639136,1205
974,1596,663,Size Issue,2024-06-03 16:33:10.639136,3249
975,1416,437,Late Delivery,2025-12-18 16:33:10.639136,3515
976,1908,459,Size Issue,2025-12-06 16:33:10.639136,14035
977,1522,496,Damaged,2026-01-19 16:33:10.639136,489
978,1939,1017,Damaged,2025-12-04 16:33:10.639136,15944
979,1097,878,Size Issue,2025-05-27 16:33:10.639136,12412
980,110,229,Wrong Item,2024-03-04 16:33:10.639136,9087
981,219,661,Size Issue,2025-12-04 16:33:10.639136,9389
982,1001,628,Late Delivery,2024-10-22 16:33:10.639136,7902
983,548,457,Size Issue,2025-12-20 16:33:10.639136,15461
984,510,885,Late Delivery,2024-03-25 16:33:10.639136,3172
985,1362,874,Size Issue,2024-07-27 16:33:10.639136,11988
986,1714,495,Damaged,2025-12-31 16:33:10.639136,15949
987,1633,655,Damaged,2024-11-05 16:33:10.639136,234
988,1629,1155,Wrong Item,2025-06-18 16:33:10.639136,707
989,170,237,Size Issue,2025-11-16 16:33:10.639136,13136
990,1141,1173,Late Delivery,2024-11-20 16:33:10.639136,684
991,1511,735,Wrong Item,2025-09-19 16:33:10.639136,796
992,671,726,Damaged,2025-10-24 16:33:10.639136,11572
993,990,1169,Wrong Item,2025-07-17 16:33:10.639136,2309
994,1087,547,Late Delivery,2024-07-24 16:33:10.639136,12898
995,816,1035,Damaged,2025-03-31 16:33:10.639136,6833
996,1518,353,Size Issue,2024-05-07 16:33:10.639136,14059
997,1925,195,Damaged,2025-10-22 16:33:10.639136,11448
998,1766,552,Damaged,2026-01-25 16:33:10.639136,12592
999,364,1000,Damaged,2025-07-25 16:33:10.639136,17556
1000,1507,111,Late Delivery,2025-07-17 16:33:10.639136,6698
1001,183,252,Wrong Item,2026-01-02 16:33:10.639136,3958
1002,943,1194,Size Issue,2025-10-28 16:33:10.639136,4672
1003,1799,1136,Wrong Item,2024-08-01 16:33:10.639136,6970
1004,495,167,Wrong Item,2025-01-21 16:33:10.639136,12885
1005,996,1021,Wrong Item,2025-02-07 16:33:10.639136,175
1006,1689,439,Size Issue,2025-05-03 16:33:10.639136,4139
1007,870,359,Late Delivery,2026-02-04 16:33:10.639136,3905
1008,1962,535,Damaged,2024-08-31 16:33:10.639136,9251
1009,1621,358,Late Delivery,2025-12-18 16:33:10.639136,16305
1010,387,295,Wrong Item,2025-01-07 16:33:10.639136,16218
1011,477,1004,Size Issue,2024-08-21 16:33:10.639136,3417
1012,1385,634,Wrong Item,2024-03-02 16:33:10.639136,8378
1013,380,72,Late Delivery,2025-10-19 16:33:10.639136,7913
1014,1836,986,Size Issue,2024-06-12 16:33:10.639136,12211
1015,1331,1041,Late Delivery,2024-04-26 16:33:10.639136,9520
1016,294,702,Damaged,2025-12-28 16:33:10.639136,10890
1017,1161,279,Size Issue,2024-10-07 16:33:10.639136,171
1018,1769,1177,Size Issue,2025-02-20 16:33:10.639136,18037
1019,1007,1013,Wrong Item,2025-03-29 16:33:10.639136,9779
1020,1376,374,Late Delivery,2024-09-21 16:33:10.639136,15184
1021,1199,714,Late Delivery,2024-07-20 16:33:10.639136,7391
1022,1067,204,Late Delivery,2026-01-16 16:33:10.639136,2441
1023,262,1194,Wrong Item,2024-05-16 16:33:10.639136,7943
1024,657,213,Damaged,2025-12-25 16:33:10.639136,2513
1025,491,425,Damaged,2024-06-07 16:33:10.639136,1062
1026,974,673,Wrong Item,2025-03-06 16:33:10.639136,1553
1027,365,533,Late Delivery,2025-10-01 16:33:10.639136,9239
1028,1956,1076,Size Issue,2026-02-16 16:33:10.639136,3494
1029,350,433,Wrong Item,2024-06-27 16:33:10.639136,6042
1030,468,349,Damaged,2025-09-12 16:33:10.639136,15962
1031,1609,511,Size Issue,2026-02-08 16:33:10.639136,15648
1032,122,1179,Size Issue,2024-09-18 16:33:10.639136,19261
1033,1702,215,Wrong Item,2025-06-24 16:33:10.639136,491
1034,1079,724,Late Delivery,2025-08-03 16:33:10.639136,6820
1035,983,348,Damaged,2024-10-06 16:33:10.639136,3757
1036,869,1135,Wrong Item,2024-07-11 16:33:10.639136,12413
1037,1331,111,Damaged,2025-11-12 16:33:10.639136,19631
1038,429,915,Damaged,2025-03-06 16:33:10.639136,3596
1039,1280,475,Damaged,2025-05-23 16:33:10.639136,17907
1040,618,553,Wrong Item,2025-08-25 16:33:10.639136,202
1041,405,910,Size Issue,2025-12-15 16:33:10.639136,14441
1042,1819,474,Damaged,2024-05-27 16:33:10.639136,7418
1043,1625,428,Late Delivery,2024-04-21 16:33:10.639136,8298
1044,1178,546,Late Delivery,2024-08-10 16:33:10.639136,10133
1045,1726,751,Size Issue,2024-12-30 16:33:10.639136,1121
1046,901,1000,Damaged,2024-03-05 16:33:10.639136,10614
1047,1872,477,Size Issue,2025-01-13 16:33:10.639136,16736
1048,1063,267,Wrong Item,2024-11-15 16:33:10.639136,18180
1049,1482,208,Damaged,2025-07-26 16:33:10.639136,998
1050,1368,1138,Wrong Item,2025-09-19 16:33:10.639136,7713
1051,1060,660,Damaged,2024-07-07 16:33:10.639136,17628
1052,575,1008,Late Delivery,2025-10-16 16:33:10.639136,18231
1053,1565,340,Size Issue,2025-07-30 16:33:10.639136,16035
1054,1508,726,Wrong Item,2025-06-08 16:33:10.639136,2398
1055,761,873,Size Issue,2024-05-31 16:33:10.639136,10622
1056,1811,481,Wrong Item,2024-03-24 16:33:10.639136,14722
1057,1581,34,Late Delivery,2025-04-14 16:33:10.639136,13734
1058,1395,1011,Damaged,2025-12-10 16:33:10.639136,13259
1059,437,478,Damaged,2024-05-31 16:33:10.639136,18878
1060,1616,142,Late Delivery,2026-02-01 16:33:10.639136,3157
1061,214,681,Size Issue,2024-10-01 16:33:10.639136,937
1062,1219,502,Late Delivery,2024-09-16 16:33:10.639136,3838
1063,1723,390,Size Issue,2026-01-20 16:33:10.639136,1970
1064,472,999,Late Delivery,2025-11-17 16:33:10.639136,2628
1065,1992,956,Damaged,2024-09-26 16:33:10.639136,16013
1066,1172,433,Damaged,2025-04-18 16:33:10.639136,3295
1067,1661,1103,Wrong Item,2024-04-11 16:33:10.639136,577
1068,588,760,Wrong Item,2024-04-05 16:33:10.639136,15724
1069,295,198,Late Delivery,2024-08-23 16:33:10.639136,8957
1070,920,612,Wrong Item,2024-12-20 16:33:10.639136,14242
1071,1145,553,Late Delivery,2024-10-25 16:33:10.639136,4931
1072,738,658,Damaged,2025-04-28 16:33:10.639136,10863
1073,1710,276,Damaged,2025-01-27 16:33:10.639136,7271
1074,788,904,Damaged,2024-06-30 16:33:10.639136,893
1075,1668,923,Wrong Item,2024-03-25 16:33:10.639136,11424
1076,977,1124,Damaged,2024-10-15 16:33:10.639136,10381
1077,1425,658,Damaged,2025-08-22 16:33:10.639136,3334
1078,1165,849,Size Issue,2024-11-29 16:33:10.639136,10645
1079,892,669,Late Delivery,2026-02-01 16:33:10.639136,17749
1080,1598,163,Late Delivery,2024-11-14 16:33:10.639136,9747
1081,380,69,Size Issue,2024-11-11 16:33:10.639136,1919
1082,1898,741,Damaged,2025-03-03 16:33:10.639136,10776
1083,860,992,Size Issue,2024-02-28 16:33:10.639136,18580
1084,1612,357,Damaged,2024-06-17 16:33:10.639136,12996
1085,1323,1021,Size Issue,2025-10-26 16:33:10.639136,19654
1086,1392,498,Damaged,2024-03-14 16:33:10.639136,2444
1087,459,528,Damaged,2024-12-25 16:33:10.639136,1190
1088,715,1104,Damaged,2025-03-21 16:33:10.639136,15787
1089,40,1170,Damaged,2024-11-05 16:33:10.639136,9005
1090,1953,888,Size Issue,2024-12-31 16:33:10.639136,17111
1091,528,12,Damaged,2024-03-03 16:33:10.639136,1417
1092,1822,602,Damaged,2024-03-13 16:33:10.639136,9697
1093,1461,845,Size Issue,2025-02-20 16:33:10.639136,8354
1094,1277,947,Late Delivery,2025-08-13 16:33:10.639136,7015
1095,606,1097,Late Delivery,2025-02-12 16:33:10.639136,5683
1096,740,833,Damaged,2024-12-03 16:33:10.639136,18174
1097,1190,291,Size Issue,2025-03-30 16:33:10.639136,14026
1098,276,648,Late Delivery,2025-04-26 16:33:10.639136,2083
1099,171,395,Damaged,2026-02-01 16:33:10.639136,15517
1100,1234,679,Damaged,2024-05-20 16:33:10.639136,16718
1101,230,350,Damaged,2025-03-18 16:33:10.639136,11663
1102,363,764,Damaged,2025-09-11 16:33:10.639136,3950
1103,754,1160,Size Issue,2025-10-27 16:33:10.639136,837
1104,632,493,Damaged,2025-01-30 16:33:10.639136,805
1105,900,145,Late Delivery,2024-11-07 16:33:10.639136,2431
1106,1295,887,Size Issue,2025-06-25 16:33:10.639136,15966
1107,1755,794,Wrong Item,2024-06-01 16:33:10.639136,1406
1108,1415,469,Wrong Item,2026-02-05 16:33:10.639136,8210
1109,250,1196,Late Delivery,2025-04-05 16:33:10.639136,15560
1110,119,333,Size Issue,2024-12-29 16:33:10.639136,12412
1111,205,847,Size Issue,2024-12-14 16:33:10.639136,9211
1112,778,859,Size Issue,2025-02-27 16:33:10.639136,16650
1113,1244,369,Size Issue,2026-01-18 16:33:10.639136,10202
1114,173,1111,Wrong Item,2024-08-26 16:33:10.639136,16762
1115,1833,138,Damaged,2024-10-23 16:33:10.639136,14646
1116,1296,261,Size Issue,2026-01-18 16:33:10.639136,9243
1117,1572,1010,Wrong Item,2025-10-03 16:33:10.639136,15093
1118,1533,665,Damaged,2024-11-17 16:33:10.639136,9908
1119,1990,1086,Size Issue,2024-03-10 16:33:10.639136,262
1120,1177,634,Late Delivery,2025-01-31 16:33:10.639136,17939
1121,523,830,Wrong Item,2025-10-04 16:33:10.639136,5168
1122,1320,593,Late Delivery,2025-09-14 16:33:10.639136,699
1123,1319,977,Wrong Item,2025-06-22 16:33:10.639136,13118
1124,1365,978,Late Delivery,2024-11-05 16:33:10.639136,18848
1125,963,422,Late Delivery,2025-08-15 16:33:10.639136,1583
1126,659,509,Size Issue,2024-07-19 16:33:10.639136,11588
1127,229,1153,Damaged,2025-08-22 16:33:10.639136,14995
1128,252,868,Wrong Item,2025-08-23 16:33:10.639136,18831
1129,915,628,Late Delivery,2025-05-09 16:33:10.639136,15098
1130,886,871,Late Delivery,2024-04-17 16:33:10.639136,2774
1131,1205,247,Wrong Item,2025-02-26 16:33:10.639136,5463
1132,780,519,Wrong Item,2025-02-03 16:33:10.639136,19002
1133,1348,432,Damaged,2025-05-23 16:33:10.639136,14361
1134,1771,1187,Late Delivery,2024-03-05 16:33:10.639136,17498
1135,1626,728,Late Delivery,2025-05-22 16:33:10.639136,10538
1136,1178,240,Damaged,2025-11-23 16:33:10.639136,12380
1137,1733,894,Wrong Item,2025-10-16 16:33:10.639136,13720
1138,994,96,Size Issue,2024-11-29 16:33:10.639136,14692
1139,978,986,Damaged,2024-11-23 16:33:10.639136,1215
1140,728,923,Late Delivery,2024-04-15 16:33:10.639136,4516
1141,1986,748,Damaged,2026-02-01 16:33:10.639136,2903
1142,738,755,Size Issue,2024-11-07 16:33:10.639136,9346
1143,74,1103,Size Issue,2025-06-02 16:33:10.639136,10709
1144,271,759,Late Delivery,2025-11-25 16:33:10.639136,7193
1145,1005,530,Size Issue,2025-09-03 16:33:10.639136,8917
1146,732,690,Size Issue,2026-02-14 16:33:10.639136,15612
1147,800,840,Wrong Item,2024-10-23 16:33:10.639136,11184
1148,1413,557,Wrong Item,2024-02-22 16:33:10.639136,11043
1149,55,1158,Size Issue,2024-09-26 16:33:10.639136,423
1150,1405,921,Wrong Item,2025-06-14 16:33:10.639136,15505
1151,268,1082,Wrong Item,2025-06-19 16:33:10.639136,12849
1152,1172,670,Late Delivery,2024-04-20 16:33:10.639136,18296
1153,1191,559,Wrong Item,2025-12-10 16:33:10.639136,14071
1154,1674,826,Damaged,2024-10-16 16:33:10.639136,13526
1155,1895,868,Damaged,2025-12-01 16:33:10.639136,6240
1156,1594,952,Late Delivery,2026-01-16 16:33:10.639136,10134
1157,542,1108,Wrong Item,2025-12-06 16:33:10.639136,19762
1158,1972,585,Wrong Item,2026-01-27 16:33:10.639136,11908
1159,95,116,Late Delivery,2025-10-28 16:33:10.639136,13145
1160,1643,211,Late Delivery,2025-02-16 16:33:10.639136,7437
1161,980,1016,Late Delivery,2026-01-16 16:33:10.639136,17319
1162,525,286,Size Issue,2025-07-05 16:33:10.639136,3579
1163,861,590,Damaged,2025-10-11 16:33:10.639136,3760
1164,798,396,Late Delivery,2025-10-06 16:33:10.639136,11033
1165,45,965,Wrong Item,2025-02-04 16:33:10.639136,5864
1166,706,74,Damaged,2025-03-22 16:33:10.639136,19971
1167,152,715,Late Delivery,2025-11-07 16:33:10.639136,15711
1168,1086,127,Late Delivery,2025-11-19 16:33:10.639136,16799
1169,291,427,Damaged,2025-06-22 16:33:10.639136,1609
1170,44,1073,Damaged,2024-09-07 16:33:10.639136,7169
1171,1545,631,Damaged,2024-07-12 16:33:10.639136,6932
1172,1940,984,Size Issue,2024-10-13 16:33:10.639136,5927
1173,1703,886,Wrong Item,2024-11-30 16:33:10.639136,9321
1174,201,1131,Damaged,2024-05-21 16:33:10.639136,12530
1175,1378,1183,Size Issue,2025-11-05 16:33:10.639136,3960
1176,242,358,Size Issue,2025-04-24 16:33:10.639136,8712
1177,81,507,Damaged,2024-06-07 16:33:10.639136,17873
1178,319,1134,Late Delivery,2025-10-24 16:33:10.639136,3194
1179,539,891,Size Issue,2025-10-15 16:33:10.639136,11532
1180,197,169,Wrong Item,2024-03-18 16:33:10.639136,6278
1181,1693,473,Damaged,2025-03-01 16:33:10.639136,19850
1182,1950,789,Late Delivery,2026-01-15 16:33:10.639136,14279
1183,1324,1188,Size Issue,2024-07-25 16:33:10.639136,7205
1184,1176,595,Wrong Item,2025-09-12 16:33:10.639136,6909
1185,1477,987,Size Issue,2026-01-11 16:33:10.639136,9504
1186,1816,326,Size Issue,2025-03-19 16:33:10.639136,8040
1187,971,982,Wrong Item,2024-12-28 16:33:10.639136,18118
1188,1291,665,Damaged,2024-10-25 16:33:10.639136,418
1189,1672,368,Late Delivery,2025-06-19 16:33:10.639136,4577
1190,1401,163,Late Delivery,2025-09-30 16:33:10.639136,6796
1191,1668,153,Late Delivery,2024-07-30 16:33:10.639136,11822
1192,96,676,Size Issue,2024-09-08 16:33:10.639136,5275
1193,870,909,Wrong Item,2024-11-29 16:33:10.639136,10101
1194,1384,1047,Wrong Item,2026-01-26 16:33:10.639136,15365
1195,295,809,Late Delivery,2026-02-12 16:33:10.639136,16071
1196,1207,493,Size Issue,2025-10-19 16:33:10.639136,2697
1197,1642,352,Late Delivery,2025-05-17 16:33:10.639136,5531
1198,1038,999,Late Delivery,2024-11-08 16:33:10.639136,16413
1199,1615,1103,Late Delivery,2025-11-11 16:33:10.639136,2834
